gig_id,hirer_id,provider_id,model,prompt_version,grade,score,p0,p1,p2,p3,scoring,flags,timestamp
G001,H001,P001,qwen3.8:27b,rubric_01.v4.1,0,0.0084,0.99,0.0013,0.0001,0.0086,logprobs,,2026-10-03T08:27:56
G001,H001,P002,qwen3.8:27b,rubric_01.v4.1,0,0.0004,0.9995,0.0,0.0,0.0004,logprobs,,2026-10-03T08:27:58
G001,H001,P003,qwen3.8:27b,rubric_01.v4.1,0,0.001,0.9989,0.0,0.0,0.001,logprobs,,2026-10-03T08:27:59
G001,H001,P004,qwen3.8:27b,rubric_01.v4.1,0,0.001,0.9989,0.0,0.0,0.001,logprobs,,2026-10-03T08:28:00
G001,H001,P005,qwen3.8:27b,rubric_01.v4.1,0,0.0051,0.9939,0.0008,0.0001,0.0052,logprobs,,2026-10-03T08:28:01
G001,H001,P006,qwen3.8:27b,rubric_01.v4.1,1,0.283,0.3692,0.5372,0.0824,0.0111,logprobs,,2026-10-03T08:28:02
G001,H001,P007,qwen3.8:27b,rubric_01.v4.1,0,0.0023,0.9975,0.0001,0.0,0.0025,logprobs,,2026-10-03T08:28:03
G001,H001,P008,qwen3.8:27b,rubric_01.v4.1,0,0.0732,0.9266,0.0671,0.0043,0.002,logprobs,,2026-10-03T08:28:04
G001,H001,P009,qwen3.8:27b,rubric_01.v4.1,0,0.0555,0.9901,0.0052,0.0001,0.0046,logprobs,,2026-10-03T08:28:05
G001,H001,P010,qwen3.8:27b,rubric_01.v4.1,0,0.0018,0.998,0.0,0.0,0.0019,logprobs,,2026-10-03T08:28:06
G001,H001,P011,qwen3.8:27b,rubric_01.v4.1,1,0.49,0.0942,0.5422,0.3289,0.0347,logprobs,,2026-10-03T08:28:07
G001,H001,P012,qwen3.8:27b,rubric_01.v4.1,0,0.1272,0.744,0.2416,0.012,0.0024,logprobs,,2026-10-03T08:28:08
G001,H001,P013,qwen3.8:27b,rubric_01.v4.1,0,0.1234,0.7637,0.2188,0.0123,0.0051,logprobs,,2026-10-03T08:28:09
G001,H001,P014,qwen3.8:27b,rubric_01.v4.1,1,0.2525,0.4404,0.499,0.0526,0.0081,logprobs,,2026-10-03T08:28:10
G001,H001,P015,qwen3.8:27b,rubric_01.v4.1,0,0.0014,0.9984,0.0001,0.0,0.0015,logprobs,,2026-10-03T08:28:11
G001,H001,P016,qwen3.8:27b,rubric_01.v4.1,1,0.2919,0.3191,0.5962,0.0807,0.004,logprobs,,2026-10-03T08:28:12
G001,H001,P017,qwen3.8:27b,rubric_01.v4.1,0,0.1324,0.7218,0.2655,0.0117,0.001,logprobs,,2026-10-03T08:28:13
G001,H001,P018,qwen3.8:27b,rubric_01.v4.1,0,0.16,0.4594,0.4594,0.0704,0.0108,logprobs,,2026-10-03T08:28:14
G001,H001,P019,qwen3.8:27b,rubric_01.v4.1,0,0.0537,0.993,0.0041,0.0002,0.0028,logprobs,,2026-10-03T08:28:15
G001,H001,P020,qwen3.8:27b,rubric_01.v4.1,1,0.4802,0.1287,0.509,0.3087,0.0536,logprobs,,2026-10-03T08:28:16
G001,H001,P021,qwen3.8:27b,rubric_01.v4.1,1,0.3709,0.3373,0.4907,0.1406,0.0314,logprobs,,2026-10-03T08:28:17
G001,H001,P022,qwen3.8:27b,rubric_01.v4.1,0,0.1056,0.8335,0.1448,0.0153,0.0064,logprobs,,2026-10-03T08:28:18
G001,H001,P023,qwen3.8:27b,rubric_01.v4.1,0,0.0017,0.998,0.0003,0.0,0.0017,logprobs,,2026-10-03T08:28:19
G001,H001,P024,qwen3.8:27b,rubric_01.v4.1,0,0.0016,0.9983,0.0,0.0,0.0017,logprobs,,2026-10-03T08:28:20
G001,H001,P025,qwen3.8:27b,rubric_01.v4.1,0,0.0544,0.9874,0.011,0.0003,0.0013,logprobs,,2026-10-03T08:28:21
G001,H001,P026,qwen3.8:27b,rubric_01.v4.1,0,0.0001,0.9998,0.0,0.0,0.0001,logprobs,,2026-10-03T08:28:22
G001,H001,P027,qwen3.8:27b,rubric_01.v4.1,0,0.16,0.6353,0.34,0.0217,0.0029,logprobs,,2026-10-03T08:28:23
G001,H001,P028,qwen3.8:27b,rubric_01.v4.1,0,0.005,0.9943,0.0004,0.0001,0.0052,logprobs,,2026-10-03T08:28:24
G001,H001,P029,qwen3.8:27b,rubric_01.v4.1,0,0.16,0.6042,0.3665,0.0265,0.0028,logprobs,,2026-10-03T08:28:25
G001,H001,P030,qwen3.8:27b,rubric_01.v4.1,0,0.0736,0.9209,0.0756,0.0023,0.0012,logprobs,,2026-10-03T08:28:26
G002,H002,P001,qwen3.8:27b,rubric_01.v4.1,1,0.3805,0.1435,0.6433,0.2088,0.0043,logprobs,,2026-10-03T08:28:27
G002,H002,P002,qwen3.8:27b,rubric_01.v4.1,0,0.0574,0.9759,0.023,0.0003,0.0009,logprobs,,2026-10-03T08:28:28
G002,H002,P003,qwen3.8:27b,rubric_01.v4.1,0,0.0558,0.9838,0.014,0.0003,0.0019,logprobs,,2026-10-03T08:28:29
G002,H002,P004,qwen3.8:27b,rubric_01.v4.1,0,0.0014,0.9984,0.0001,0.0,0.0015,logprobs,,2026-10-03T08:28:30
G002,H002,P005,qwen3.8:27b,rubric_01.v4.1,0,0.16,0.6327,0.3386,0.0216,0.007,logprobs,,2026-10-03T08:28:31
G002,H002,P006,qwen3.8:27b,rubric_01.v4.1,0,0.16,0.623,0.3335,0.0398,0.0037,logprobs,,2026-10-03T08:28:32
G002,H002,P007,qwen3.8:27b,rubric_01.v4.1,0,0.1154,0.787,0.199,0.0099,0.0041,logprobs,,2026-10-03T08:28:33
G002,H002,P008,qwen3.8:27b,rubric_01.v4.1,2,0.6475,0.0828,0.1987,0.6121,0.1064,logprobs,,2026-10-03T08:28:34
G002,H002,P009,qwen3.8:27b,rubric_01.v4.1,0,0.0662,0.9526,0.0419,0.0011,0.0044,logprobs,,2026-10-03T08:28:35
G002,H002,P010,qwen3.8:27b,rubric_01.v4.1,0,0.0993,0.8422,0.1464,0.0064,0.005,logprobs,,2026-10-03T08:28:36
G002,H002,P011,qwen3.8:27b,rubric_01.v4.1,0,0.1433,0.6918,0.2884,0.0184,0.0013,logprobs,,2026-10-03T06:50:16
G002,H002,P012,qwen3.8:27b,rubric_01.v4.1,1,0.3365,0.2296,0.6242,0.1393,0.0069,logprobs,,2026-10-03T08:28:37
G002,H002,P013,qwen3.8:27b,rubric_01.v4.1,0,0.1129,0.8016,0.1789,0.0166,0.0029,logprobs,,2026-10-03T08:28:38
G002,H002,P014,qwen3.8:27b,rubric_01.v4.1,0,0.16,0.5812,0.3525,0.0613,0.005,logprobs,,2026-10-03T08:28:39
G002,H002,P015,qwen3.8:27b,rubric_01.v4.1,0,0.0647,0.9575,0.0371,0.0014,0.0039,logprobs,,2026-10-03T08:28:40
G002,H002,P016,qwen3.8:27b,rubric_01.v4.1,1,0.3245,0.2944,0.55,0.1391,0.0166,logprobs,,2026-10-03T08:28:41
G002,H002,P017,qwen3.8:27b,rubric_01.v4.1,0,0.1085,0.8073,0.1801,0.0115,0.0011,logprobs,,2026-10-03T08:28:42
G002,H002,P018,qwen3.8:27b,rubric_01.v4.1,0,0.1488,0.6864,0.2861,0.0207,0.0067,logprobs,,2026-10-03T08:28:43
G002,H002,P019,qwen3.8:27b,rubric_01.v4.1,0,0.0059,0.9916,0.0032,0.0001,0.0052,logprobs,,2026-10-03T08:28:44
G002,H002,P020,qwen3.8:27b,rubric_01.v4.1,0,0.0623,0.9655,0.0292,0.0019,0.0035,logprobs,,2026-10-03T08:28:45
G002,H002,P021,qwen3.8:27b,rubric_01.v4.1,0,0.011,0.9865,0.0024,0.0001,0.011,logprobs,,2026-10-03T08:28:46
G002,H002,P022,qwen3.8:27b,rubric_01.v4.1,0,0.0654,0.956,0.0371,0.0039,0.003,logprobs,,2026-10-03T08:28:47
G002,H002,P023,qwen3.8:27b,rubric_01.v4.1,0,0.0768,0.9172,0.0753,0.0033,0.0042,logprobs,,2026-10-03T08:28:48
G002,H002,P024,qwen3.8:27b,rubric_01.v4.1,0,0.066,0.964,0.0257,0.0009,0.0095,logprobs,,2026-10-03T08:28:49
G002,H002,P025,qwen3.8:27b,rubric_01.v4.1,0,0.0006,0.9991,0.0004,0.0,0.0005,logprobs,,2026-10-03T08:28:50
G002,H002,P026,qwen3.8:27b,rubric_01.v4.1,0,0.098,0.8439,0.1466,0.005,0.0044,logprobs,,2026-10-03T08:28:51
G002,H002,P027,qwen3.8:27b,rubric_01.v4.1,1,0.4705,0.1411,0.4926,0.3385,0.0278,logprobs,,2026-10-03T06:50:13
G002,H002,P028,qwen3.8:27b,rubric_01.v4.1,1,0.3618,0.2491,0.5272,0.194,0.0297,logprobs,,2026-10-03T06:50:16
G002,H002,P029,qwen3.8:27b,rubric_01.v4.1,0,0.0553,0.988,0.0085,0.0003,0.0031,logprobs,,2026-10-03T08:28:52
G002,H002,P030,qwen3.8:27b,rubric_01.v4.1,0,0.0573,0.9775,0.0203,0.0015,0.0008,logprobs,,2026-10-03T08:28:53
G003,H003,P001,qwen3.8:27b,rubric_01.v4.1,1,0.341,0.2279,0.6194,0.1382,0.0146,logprobs,,2026-10-03T08:28:54
G003,H003,P002,qwen3.8:27b,rubric_01.v4.1,0,0.0052,0.9936,0.001,0.0001,0.0052,logprobs,,2026-10-03T08:28:55
G003,H003,P003,qwen3.8:27b,rubric_01.v4.1,0,0.062,0.9705,0.0228,0.0009,0.0058,logprobs,,2026-10-03T08:28:56
G003,H003,P004,qwen3.8:27b,rubric_01.v4.1,0,0.0005,0.9995,0.0,0.0,0.0005,logprobs,,2026-10-03T08:28:57
G003,H003,P005,qwen3.8:27b,rubric_01.v4.1,0,0.0883,0.8831,0.1055,0.0046,0.0067,logprobs,,2026-10-03T08:28:58
G003,H003,P006,qwen3.8:27b,rubric_01.v4.1,0,0.1238,0.7889,0.176,0.0238,0.0113,logprobs,,2026-10-03T08:28:59
G003,H003,P007,qwen3.8:27b,rubric_01.v4.1,0,0.16,0.666,0.2776,0.0426,0.0138,logprobs,,2026-10-03T08:29:00
G003,H003,P008,qwen3.8:27b,rubric_01.v4.1,1,0.49,0.142,0.3859,0.3859,0.0861,logprobs,,2026-10-03T08:29:01
G003,H003,P009,qwen3.8:27b,rubric_01.v4.1,0,0.0013,0.9985,0.0002,0.0,0.0013,logprobs,,2026-10-03T08:29:02
G003,H003,P010,qwen3.8:27b,rubric_01.v4.1,0,0.0556,0.989,0.0067,0.0003,0.004,logprobs,,2026-10-03T08:29:03
G003,H003,P011,qwen3.8:27b,rubric_01.v4.1,0,0.0707,0.9437,0.047,0.0021,0.0072,logprobs,,2026-10-03T08:29:04
G003,H003,P012,qwen3.8:27b,rubric_01.v4.1,0,0.1449,0.7217,0.2343,0.0359,0.008,logprobs,,2026-10-03T08:29:05
G003,H003,P013,qwen3.8:27b,rubric_01.v4.1,0,0.0651,0.9569,0.0371,0.0021,0.0039,logprobs,,2026-10-03T08:29:06
G003,H003,P014,qwen3.8:27b,rubric_01.v4.1,0,0.0808,0.9175,0.0665,0.007,0.009,logprobs,,2026-10-03T08:29:07
G003,H003,P015,qwen3.8:27b,rubric_01.v4.1,0,0.0651,0.96,0.0328,0.0014,0.0057,logprobs,,2026-10-03T08:29:08
G003,H003,P016,qwen3.8:27b,rubric_01.v4.1,0,0.1322,0.7533,0.2158,0.0201,0.0107,logprobs,,2026-10-03T08:29:09
G003,H003,P017,qwen3.8:27b,rubric_01.v4.1,0,0.0929,0.8762,0.1046,0.0125,0.0067,logprobs,,2026-10-03T08:29:10
G003,H003,P018,qwen3.8:27b,rubric_01.v4.1,0,0.0788,0.902,0.0951,0.0014,0.0015,logprobs,,2026-10-03T08:29:11
G003,H003,P019,qwen3.8:27b,rubric_01.v4.1,0,0.0726,0.9505,0.0325,0.005,0.012,logprobs,,2026-10-03T08:29:12
G003,H003,P020,qwen3.8:27b,rubric_01.v4.1,0,0.0561,0.9871,0.0085,0.0003,0.004,logprobs,,2026-10-03T08:29:13
G003,H003,P021,qwen3.8:27b,rubric_01.v4.1,0,0.0043,0.9952,0.0002,0.0,0.0046,logprobs,,2026-10-03T08:29:14
G003,H003,P022,qwen3.8:27b,rubric_01.v4.1,0,0.0081,0.9908,0.0005,0.0001,0.0086,logprobs,,2026-10-03T08:29:15
G003,H003,P023,qwen3.8:27b,rubric_01.v4.1,0,0.0742,0.9357,0.0528,0.0023,0.0092,logprobs,,2026-10-03T08:29:16
G003,H003,P024,qwen3.8:27b,rubric_01.v4.1,0,0.0643,0.971,0.0178,0.0017,0.0095,logprobs,,2026-10-03T08:29:17
G003,H003,P025,qwen3.8:27b,rubric_01.v4.1,0,0.0015,0.9975,0.0013,0.0001,0.001,logprobs,,2026-10-03T08:29:18
G003,H003,P026,qwen3.8:27b,rubric_01.v4.1,0,0.0683,0.9464,0.0471,0.0021,0.0044,logprobs,,2026-10-03T08:29:19
G003,H003,P027,qwen3.8:27b,rubric_01.v4.1,1,0.3423,0.2628,0.5563,0.1594,0.0216,logprobs,,2026-10-03T08:29:20
G003,H003,P028,qwen3.8:27b,rubric_01.v4.1,1,0.49,0.2069,0.3412,0.3412,0.1108,logprobs,,2026-10-03T08:29:21
G003,H003,P029,qwen3.8:27b,rubric_01.v4.1,0,0.016,0.9638,0.0291,0.0006,0.0065,logprobs,,2026-10-03T08:29:22
G003,H003,P030,qwen3.8:27b,rubric_01.v4.1,0,0.0069,0.9913,0.0017,0.0003,0.0067,logprobs,,2026-10-03T08:29:23
G004,H004,P001,qwen3.8:27b,rubric_01.v4.1,0,0.0073,0.9915,0.0008,0.0001,0.0076,logprobs,,2026-10-03T08:29:24
G004,H004,P002,qwen3.8:27b,rubric_01.v4.1,0,0.0034,0.9963,0.0001,0.0,0.0036,logprobs,,2026-10-03T08:29:25
G004,H004,P003,qwen3.8:27b,rubric_01.v4.1,0,0.0014,0.9984,0.0001,0.0,0.0015,logprobs,,2026-10-03T08:29:26
G004,H004,P004,qwen3.8:27b,rubric_01.v4.1,0,0.0027,0.9969,0.0002,0.0,0.0028,logprobs,,2026-10-03T08:29:27
G004,H004,P005,qwen3.8:27b,rubric_01.v4.1,0,0.0063,0.9931,0.0002,0.0001,0.0067,logprobs,,2026-10-03T08:29:28
G004,H004,P006,qwen3.8:27b,rubric_01.v4.1,0,0.16,0.5194,0.4584,0.0178,0.0045,logprobs,,2026-10-03T08:29:29
G004,H004,P007,qwen3.8:27b,rubric_01.v4.1,0,0.0023,0.9975,0.0,0.0,0.0025,logprobs,,2026-10-03T08:29:30
G004,H004,P008,qwen3.8:27b,rubric_01.v4.1,0,0.0036,0.9931,0.0046,0.0001,0.0022,logprobs,,2026-10-03T08:29:31
G004,H004,P009,qwen3.8:27b,rubric_01.v4.1,0,0.0109,0.9848,0.0052,0.0004,0.0097,logprobs,,2026-10-03T08:29:32
G004,H004,P010,qwen3.8:27b,rubric_01.v4.1,0,0.0016,0.9983,0.0,0.0,0.0017,logprobs,,2026-10-03T08:29:33
G004,H004,P011,qwen3.8:27b,rubric_01.v4.1,1,0.3431,0.3467,0.5716,0.0683,0.0134,logprobs,,2026-10-03T08:29:34
G004,H004,P012,qwen3.8:27b,rubric_01.v4.1,0,0.16,0.6003,0.3641,0.0339,0.0017,logprobs,,2026-10-03T08:29:35
G004,H004,P013,qwen3.8:27b,rubric_01.v4.1,0,0.0902,0.8813,0.1053,0.0036,0.0098,logprobs,,2026-10-03T08:29:36
G004,H004,P014,qwen3.8:27b,rubric_01.v4.1,0,0.16,0.6844,0.2518,0.0496,0.0142,logprobs,,2026-10-03T08:29:37
G004,H004,P015,qwen3.8:27b,rubric_01.v4.1,0,0.0055,0.994,0.0001,0.0,0.0059,logprobs,,2026-10-03T08:29:38
G004,H004,P016,qwen3.8:27b,rubric_01.v4.1,0,0.16,0.6293,0.3369,0.0277,0.0062,logprobs,,2026-10-03T08:29:39
G004,H004,P017,qwen3.8:27b,rubric_01.v4.1,0,0.1365,0.7168,0.2637,0.0169,0.0026,logprobs,,2026-10-03T08:29:40
G004,H004,P018,qwen3.8:27b,rubric_01.v4.1,0,0.16,0.6371,0.341,0.017,0.0049,logprobs,,2026-10-03T08:29:41
G004,H004,P019,qwen3.8:27b,rubric_01.v4.1,0,0.008,0.9911,0.0003,0.0,0.0086,logprobs,,2026-10-03T08:29:42
G004,H004,P020,qwen3.8:27b,rubric_01.v4.1,1,0.3827,0.2452,0.5883,0.1487,0.0178,logprobs,,2026-10-03T08:29:43
G004,H004,P021,qwen3.8:27b,rubric_01.v4.1,0,0.125,0.789,0.1761,0.0186,0.0164,logprobs,,2026-10-03T08:29:44
G004,H004,P022,qwen3.8:27b,rubric_01.v4.1,0,0.16,0.5121,0.3988,0.0785,0.0106,logprobs,,2026-10-03T08:29:45
G004,H004,P023,qwen3.8:27b,rubric_01.v4.1,0,0.002,0.9977,0.0001,0.0,0.0022,logprobs,,2026-10-03T08:29:46
G004,H004,P024,qwen3.8:27b,rubric_01.v4.1,0,0.0105,0.9881,0.0008,0.0002,0.011,logprobs,,2026-10-03T08:29:47
G004,H004,P025,qwen3.8:27b,rubric_01.v4.1,0,0.0027,0.9968,0.0004,0.0,0.0028,logprobs,,2026-10-03T08:29:48
G004,H004,P026,qwen3.8:27b,rubric_01.v4.1,0,0.0014,0.9984,0.0,0.0,0.0015,logprobs,,2026-10-03T08:29:49
G004,H004,P027,qwen3.8:27b,rubric_01.v4.1,0,0.0742,0.9361,0.0528,0.0007,0.0104,logprobs,,2026-10-03T08:29:50
G004,H004,P028,qwen3.8:27b,rubric_01.v4.1,0,0.0068,0.9916,0.0015,0.0002,0.0067,logprobs,,2026-10-03T08:29:51
G004,H004,P029,qwen3.8:27b,rubric_01.v4.1,0,0.0657,0.9497,0.0473,0.001,0.0021,logprobs,,2026-10-03T08:29:52
G004,H004,P030,qwen3.8:27b,rubric_01.v4.1,0,0.0573,0.9841,0.0109,0.0004,0.0046,logprobs,,2026-10-03T08:29:53
G005,H005,P001,qwen3.8:27b,rubric_01.v4.1,0,0.1361,0.7177,0.264,0.0149,0.0033,logprobs,,2026-10-03T08:29:54
G005,H005,P002,qwen3.8:27b,rubric_01.v4.1,0,0.0012,0.9986,0.0,0.0,0.0013,logprobs,,2026-10-03T08:29:55
G005,H005,P003,qwen3.8:27b,rubric_01.v4.1,0,0.0016,0.9982,0.0,0.0,0.0017,logprobs,,2026-10-03T08:29:56
G005,H005,P004,qwen3.8:27b,rubric_01.v4.1,0,0.001,0.9989,0.0,0.0,0.001,logprobs,,2026-10-03T08:29:57
G005,H005,P005,qwen3.8:27b,rubric_01.v4.1,0,0.16,0.471,0.471,0.0438,0.0142,logprobs,,2026-10-03T08:29:58
G005,H005,P006,qwen3.8:27b,rubric_01.v4.1,0,0.0611,0.9695,0.0258,0.0007,0.004,logprobs,,2026-10-03T08:29:59
G005,H005,P007,qwen3.8:27b,rubric_01.v4.1,0,0.0092,0.9894,0.0008,0.0001,0.0097,logprobs,,2026-10-03T08:30:00
G005,H005,P008,qwen3.8:27b,rubric_01.v4.1,0,0.0065,0.9909,0.0032,0.0001,0.0059,logprobs,,2026-10-03T08:30:01
G005,H005,P009,qwen3.8:27b,rubric_01.v4.1,1,0.2985,0.334,0.5507,0.1084,0.0069,logprobs,,2026-10-03T06:50:17
G005,H005,P010,qwen3.8:27b,rubric_01.v4.1,0,0.0011,0.9987,0.0001,0.0,0.0012,logprobs,,2026-10-03T08:30:02
G005,H005,P011,qwen3.8:27b,rubric_01.v4.1,0,0.1152,0.7875,0.1991,0.0087,0.0047,logprobs,,2026-10-03T08:30:03
G005,H005,P012,qwen3.8:27b,rubric_01.v4.1,0,0.16,0.6133,0.372,0.0144,0.0003,logprobs,,2026-10-03T08:30:04
G005,H005,P013,qwen3.8:27b,rubric_01.v4.1,0,0.0053,0.9934,0.0013,0.0001,0.0052,logprobs,,2026-10-03T08:30:05
G005,H005,P014,qwen3.8:27b,rubric_01.v4.1,0,0.0056,0.9913,0.0041,0.0001,0.0046,logprobs,,2026-10-03T08:30:06
G005,H005,P015,qwen3.8:27b,rubric_01.v4.1,0,0.0024,0.9973,0.0003,0.0,0.0025,logprobs,,2026-10-03T08:30:07
G005,H005,P016,qwen3.8:27b,rubric_01.v4.1,0,0.1057,0.8514,0.1152,0.0227,0.0107,logprobs,,2026-10-03T08:30:08
G005,H005,P017,qwen3.8:27b,rubric_01.v4.1,0,0.0017,0.9958,0.0036,0.0001,0.0005,logprobs,,2026-10-03T06:50:19
G005,H005,P018,qwen3.8:27b,rubric_01.v4.1,0,0.0119,0.9816,0.0085,0.0003,0.0096,logprobs,,2026-10-03T08:30:09
G005,H005,P019,qwen3.8:27b,rubric_01.v4.1,0,0.1002,0.8304,0.1635,0.0034,0.0026,logprobs,,2026-10-03T08:30:10
G005,H005,P020,qwen3.8:27b,rubric_01.v4.1,0,0.0621,0.9661,0.0292,0.0008,0.0039,logprobs,,2026-10-03T08:30:11
G005,H005,P021,qwen3.8:27b,rubric_01.v4.1,0,0.0706,0.9476,0.0416,0.0014,0.0093,logprobs,,2026-10-03T08:30:12
G005,H005,P022,qwen3.8:27b,rubric_01.v4.1,0,0.0109,0.9826,0.0085,0.0004,0.0085,logprobs,,2026-10-03T08:30:13
G005,H005,P023,qwen3.8:27b,rubric_01.v4.1,0,0.0005,0.9994,0.0001,0.0,0.0006,logprobs,,2026-10-03T08:30:14
G005,H005,P024,qwen3.8:27b,rubric_01.v4.1,0,0.0016,0.9983,0.0,0.0,0.0017,logprobs,,2026-10-03T08:30:15
G005,H005,P025,qwen3.8:27b,rubric_01.v4.1,0,0.0039,0.9955,0.0004,0.0001,0.0041,logprobs,,2026-10-03T08:30:16
G005,H005,P026,qwen3.8:27b,rubric_01.v4.1,0,0.0006,0.9994,0.0,0.0,0.0006,logprobs,,2026-10-03T08:30:17
G005,H005,P027,qwen3.8:27b,rubric_01.v4.1,0,0.0993,0.8422,0.1464,0.0064,0.005,logprobs,,2026-10-03T06:50:18
G005,H005,P028,qwen3.8:27b,rubric_01.v4.1,0,0.0041,0.9941,0.0022,0.0001,0.0036,logprobs,,2026-10-03T08:30:18
G005,H005,P029,qwen3.8:27b,rubric_01.v4.1,0,0.0801,0.9238,0.0591,0.0055,0.0116,logprobs,,2026-10-03T08:30:19
G005,H005,P030,qwen3.8:27b,rubric_01.v4.1,0,0.0057,0.9921,0.0025,0.0002,0.0052,logprobs,,2026-10-03T08:30:20
G006,H006,P001,qwen3.8:27b,rubric_01.v4.1,0,0.0031,0.9963,0.0005,0.0001,0.0032,logprobs,,2026-10-03T08:30:21
G006,H006,P002,qwen3.8:27b,rubric_01.v4.1,0,0.0005,0.9994,0.0,0.0,0.0006,logprobs,,2026-10-03T08:30:22
G006,H006,P003,qwen3.8:27b,rubric_01.v4.1,0,0.0003,0.9997,0.0,0.0,0.0003,logprobs,,2026-10-03T08:30:23
G006,H006,P004,qwen3.8:27b,rubric_01.v4.1,0,0.0015,0.9983,0.0002,0.0,0.0015,logprobs,,2026-10-03T08:30:24
G006,H006,P005,qwen3.8:27b,rubric_01.v4.1,0,0.0058,0.9919,0.0028,0.0001,0.0052,logprobs,,2026-10-03T08:30:25
G006,H006,P006,qwen3.8:27b,rubric_01.v4.1,0,0.0714,0.9345,0.0597,0.0014,0.0043,logprobs,,2026-10-03T08:30:26
G006,H006,P007,qwen3.8:27b,rubric_01.v4.1,0,0.0023,0.9975,0.0,0.0,0.0025,logprobs,,2026-10-03T08:30:27
G006,H006,P008,qwen3.8:27b,rubric_01.v4.1,0,0.0038,0.9958,0.0001,0.0,0.0041,logprobs,,2026-10-03T08:30:28
G006,H006,P009,qwen3.8:27b,rubric_01.v4.1,0,0.16,0.5707,0.3922,0.0322,0.0049,logprobs,,2026-10-03T08:30:29
G006,H006,P010,qwen3.8:27b,rubric_01.v4.1,0,0.002,0.9978,0.0001,0.0001,0.0021,logprobs,,2026-10-03T08:30:30
G006,H006,P011,qwen3.8:27b,rubric_01.v4.1,0,0.16,0.5083,0.4485,0.0368,0.0064,logprobs,,2026-10-03T08:30:31
G006,H006,P012,qwen3.8:27b,rubric_01.v4.1,0,0.121,0.7664,0.2196,0.0109,0.0031,logprobs,,2026-10-03T08:30:32
G006,H006,P013,qwen3.8:27b,rubric_01.v4.1,0,0.0081,0.9891,0.0031,0.0002,0.0076,logprobs,,2026-10-03T06:50:22
G006,H006,P014,qwen3.8:27b,rubric_01.v4.1,0,0.0024,0.9947,0.0041,0.0002,0.001,logprobs,,2026-10-03T08:30:33
G006,H006,P015,qwen3.8:27b,rubric_01.v4.1,0,0.0003,0.9996,0.0,0.0,0.0003,logprobs,,2026-10-03T08:30:34
G006,H006,P016,qwen3.8:27b,rubric_01.v4.1,0,0.0542,0.9894,0.0086,0.0002,0.0019,logprobs,,2026-10-03T08:30:35
G006,H006,P017,qwen3.8:27b,rubric_01.v4.1,0,0.0105,0.9783,0.0158,0.0008,0.0051,logprobs,,2026-10-03T08:30:36
G006,H006,P018,qwen3.8:27b,rubric_01.v4.1,0,0.0028,0.9947,0.0036,0.0,0.0017,logprobs,,2026-10-03T08:30:37
G006,H006,P019,qwen3.8:27b,rubric_01.v4.1,0,0.0049,0.9945,0.0002,0.0,0.0052,logprobs,,2026-10-03T06:50:21
G006,H006,P020,qwen3.8:27b,rubric_01.v4.1,0,0.1126,0.8038,0.1794,0.0089,0.0079,logprobs,,2026-10-03T08:30:38
G006,H006,P021,qwen3.8:27b,rubric_01.v4.1,0,0.0642,0.9551,0.042,0.0002,0.0027,logprobs,,2026-10-03T08:30:39
G006,H006,P022,qwen3.8:27b,rubric_01.v4.1,0,0.005,0.9932,0.0022,0.0001,0.0046,logprobs,,2026-10-03T08:30:40
G006,H006,P023,qwen3.8:27b,rubric_01.v4.1,0,0.0011,0.9988,0.0,0.0,0.0012,logprobs,,2026-10-03T08:30:41
G006,H006,P024,qwen3.8:27b,rubric_01.v4.1,0,0.0023,0.9975,0.0,0.0,0.0025,logprobs,,2026-10-03T08:30:42
G006,H006,P025,qwen3.8:27b,rubric_01.v4.1,0,0.0034,0.9961,0.0003,0.0,0.0036,logprobs,,2026-10-03T08:30:43
G006,H006,P026,qwen3.8:27b,rubric_01.v4.1,0,0.0004,0.9996,0.0,0.0,0.0004,logprobs,,2026-10-03T08:30:44
G006,H006,P027,qwen3.8:27b,rubric_01.v4.1,0,0.0121,0.9789,0.0123,0.0003,0.0085,logprobs,,2026-10-03T08:30:45
G006,H006,P028,qwen3.8:27b,rubric_01.v4.1,0,0.0026,0.9971,0.0,0.0,0.0028,logprobs,,2026-10-03T08:30:46
G006,H006,P029,qwen3.8:27b,rubric_01.v4.1,0,0.0092,0.9857,0.0066,0.0001,0.0075,logprobs,,2026-10-03T06:50:20
G006,H006,P030,qwen3.8:27b,rubric_01.v4.1,0,0.0017,0.998,0.0002,0.0001,0.0017,logprobs,,2026-10-03T08:30:47
G007,H007,P001,qwen3.8:27b,rubric_01.v4.1,1,0.3612,0.1815,0.6333,0.1815,0.0038,logprobs,,2026-10-03T08:30:48
G007,H007,P002,qwen3.8:27b,rubric_01.v4.1,0,0.0601,0.9825,0.0085,0.0005,0.0085,logprobs,,2026-10-03T08:30:49
G007,H007,P003,qwen3.8:27b,rubric_01.v4.1,0,0.0694,0.9618,0.0226,0.0019,0.0137,logprobs,,2026-10-03T08:30:50
G007,H007,P004,qwen3.8:27b,rubric_01.v4.1,0,0.0062,0.9933,0.0,0.0,0.0067,logprobs,,2026-10-03T08:30:51
G007,H007,P005,qwen3.8:27b,rubric_01.v4.1,0,0.1147,0.7883,0.1993,0.0077,0.0047,logprobs,,2026-10-03T08:30:52
G007,H007,P006,qwen3.8:27b,rubric_01.v4.1,1,0.2649,0.4068,0.5224,0.0624,0.0084,logprobs,,2026-10-03T08:30:53
G007,H007,P007,qwen3.8:27b,rubric_01.v4.1,0,0.1366,0.7328,0.2379,0.0221,0.0072,logprobs,,2026-10-03T08:30:54
G007,H007,P008,qwen3.8:27b,rubric_01.v4.1,2,0.509,0.057,0.4213,0.4773,0.0444,logprobs,,2026-10-03T08:30:55
G007,H007,P009,qwen3.8:27b,rubric_01.v4.1,0,0.0817,0.9115,0.0748,0.0048,0.0089,logprobs,,2026-10-03T08:30:56
G007,H007,P010,qwen3.8:27b,rubric_01.v4.1,0,0.0025,0.996,0.0019,0.0002,0.0019,logprobs,,2026-10-03T08:30:57
G007,H007,P011,qwen3.8:27b,rubric_01.v4.1,1,0.3073,0.3292,0.5428,0.1069,0.021,logprobs,,2026-10-03T08:30:58
G007,H007,P012,qwen3.8:27b,rubric_01.v4.1,1,0.3552,0.2006,0.6177,0.177,0.0047,logprobs,,2026-10-03T08:30:59
G007,H007,P013,qwen3.8:27b,rubric_01.v4.1,0,0.1445,0.6908,0.288,0.0184,0.0028,logprobs,,2026-10-03T08:31:00
G007,H007,P014,qwen3.8:27b,rubric_01.v4.1,1,0.4001,0.1628,0.5683,0.2369,0.0321,logprobs,,2026-10-03T08:31:01
G007,H007,P015,qwen3.8:27b,rubric_01.v4.1,0,0.103,0.838,0.1456,0.0082,0.0082,logprobs,,2026-10-03T08:31:02
G007,H007,P016,qwen3.8:27b,rubric_01.v4.1,1,0.4012,0.1344,0.6021,0.251,0.0125,logprobs,,2026-10-03T08:31:03
G007,H007,P017,qwen3.8:27b,rubric_01.v4.1,0,0.16,0.6252,0.2953,0.0747,0.0048,logprobs,,2026-10-03T08:31:04
G007,H007,P018,qwen3.8:27b,rubric_01.v4.1,1,0.3218,0.3373,0.4907,0.1406,0.0314,logprobs,,2026-10-03T08:31:05
G007,H007,P019,qwen3.8:27b,rubric_01.v4.1,0,0.0667,0.9581,0.0328,0.0018,0.0073,logprobs,,2026-10-03T08:31:06
G007,H007,P020,qwen3.8:27b,rubric_01.v4.1,1,0.284,0.3671,0.5341,0.0928,0.0059,logprobs,,2026-10-03T08:31:07
G007,H007,P021,qwen3.8:27b,rubric_01.v4.1,0,0.1569,0.7082,0.2299,0.0453,0.0167,logprobs,,2026-10-03T08:31:08
G007,H007,P022,qwen3.8:27b,rubric_01.v4.1,0,0.16,0.5551,0.3815,0.0585,0.0048,logprobs,,2026-10-03T08:31:09
G007,H007,P023,qwen3.8:27b,rubric_01.v4.1,0,0.0702,0.9445,0.047,0.0013,0.0072,logprobs,,2026-10-03T08:31:10
G007,H007,P024,qwen3.8:27b,rubric_01.v4.1,0,0.0566,0.9906,0.0025,0.0002,0.0067,logprobs,,2026-10-03T08:31:11
G007,H007,P025,qwen3.8:27b,rubric_01.v4.1,0,0.1079,0.8083,0.1803,0.0102,0.0012,logprobs,,2026-10-03T08:31:12
G007,H007,P026,qwen3.8:27b,rubric_01.v4.1,0,0.0759,0.9244,0.067,0.0016,0.0071,logprobs,,2026-10-03T08:31:13
G007,H007,P027,qwen3.8:27b,rubric_01.v4.1,1,0.434,0.2053,0.558,0.2053,0.0315,logprobs,,2026-10-03T08:31:14
G007,H007,P028,qwen3.8:27b,rubric_01.v4.1,0,0.16,0.4888,0.3807,0.1091,0.0215,logprobs,,2026-10-03T08:31:15
G007,H007,P029,qwen3.8:27b,rubric_01.v4.1,0,0.1002,0.8299,0.1634,0.0056,0.0011,logprobs,,2026-10-03T08:31:16
G007,H007,P030,qwen3.8:27b,rubric_01.v4.1,0,0.1039,0.8249,0.1624,0.0104,0.0023,logprobs,,2026-10-03T08:31:17
G008,H008,P001,qwen3.8:27b,rubric_01.v4.1,0,0.0577,0.9827,0.0124,0.0004,0.0046,logprobs,,2026-10-03T08:31:18
G008,H008,P002,qwen3.8:27b,rubric_01.v4.1,0,0.0012,0.9986,0.0,0.0,0.0013,logprobs,,2026-10-03T08:31:19
G008,H008,P003,qwen3.8:27b,rubric_01.v4.1,0,0.0006,0.9992,0.0002,0.0,0.0006,logprobs,,2026-10-03T08:31:20
G008,H008,P004,qwen3.8:27b,rubric_01.v4.1,0,0.0008,0.9991,0.0,0.0,0.0009,logprobs,,2026-10-03T08:31:21
G008,H008,P005,qwen3.8:27b,rubric_01.v4.1,0,0.0068,0.9916,0.0015,0.0003,0.0067,logprobs,,2026-10-03T08:31:22
G008,H008,P006,qwen3.8:27b,rubric_01.v4.1,0,0.1507,0.6834,0.2849,0.0265,0.0052,logprobs,,2026-10-03T08:31:23
G008,H008,P007,qwen3.8:27b,rubric_01.v4.1,0,0.0068,0.9916,0.0015,0.0002,0.0067,logprobs,,2026-10-03T08:31:24
G008,H008,P008,qwen3.8:27b,rubric_01.v4.1,0,0.0628,0.9695,0.0228,0.0011,0.0065,logprobs,,2026-10-03T08:31:25
G008,H008,P009,qwen3.8:27b,rubric_01.v4.1,0,0.0066,0.9922,0.001,0.0001,0.0067,logprobs,,2026-10-03T08:31:26
G008,H008,P010,qwen3.8:27b,rubric_01.v4.1,0,0.002,0.9978,0.0,0.0,0.0022,logprobs,,2026-10-03T08:31:27
G008,H008,P011,qwen3.8:27b,rubric_01.v4.1,0,0.1303,0.7414,0.2407,0.0106,0.0073,logprobs,,2026-10-03T08:31:28
G008,H008,P012,qwen3.8:27b,rubric_01.v4.1,0,0.0774,0.928,0.0593,0.001,0.0117,logprobs,,2026-10-03T08:31:29
G008,H008,P013,qwen3.8:27b,rubric_01.v4.1,0,0.0745,0.9203,0.0755,0.0012,0.0029,logprobs,,2026-10-03T08:31:30
G008,H008,P014,qwen3.8:27b,rubric_01.v4.1,0,0.1426,0.6941,0.2894,0.0112,0.0053,logprobs,,2026-10-03T08:31:31
G008,H008,P015,qwen3.8:27b,rubric_01.v4.1,0,0.0787,0.9153,0.0751,0.0026,0.007,logprobs,,2026-10-03T08:31:32
G008,H008,P016,qwen3.8:27b,rubric_01.v4.1,0,0.1435,0.7104,0.2614,0.0167,0.0115,logprobs,,2026-10-03T08:31:33
G008,H008,P017,qwen3.8:27b,rubric_01.v4.1,0,0.0573,0.9777,0.0203,0.0003,0.0017,logprobs,,2026-10-03T08:31:34
G008,H008,P018,qwen3.8:27b,rubric_01.v4.1,0,0.16,0.5021,0.4431,0.0467,0.0081,logprobs,,2026-10-03T08:31:35
G008,H008,P019,qwen3.8:27b,rubric_01.v4.1,0,0.0636,0.9587,0.0372,0.0014,0.0027,logprobs,,2026-10-03T08:31:36
G008,H008,P020,qwen3.8:27b,rubric_01.v4.1,1,0.2173,0.403,0.5175,0.07,0.0095,logprobs,,2026-10-03T08:31:37
G008,H008,P021,qwen3.8:27b,rubric_01.v4.1,0,0.0814,0.9063,0.0843,0.0015,0.0078,logprobs,,2026-10-03T08:31:38
G008,H008,P022,qwen3.8:27b,rubric_01.v4.1,0,0.0595,0.9869,0.0031,0.0003,0.0097,logprobs,,2026-10-03T08:31:39
G008,H008,P023,qwen3.8:27b,rubric_01.v4.1,0,0.0594,0.9753,0.0202,0.0005,0.004,logprobs,,2026-10-03T08:31:40
G008,H008,P024,qwen3.8:27b,rubric_01.v4.1,0,0.0023,0.9975,0.0,0.0,0.0025,logprobs,,2026-10-03T08:31:41
G008,H008,P025,qwen3.8:27b,rubric_01.v4.1,0,0.1071,0.8093,0.1806,0.009,0.0011,logprobs,,2026-10-03T08:31:42
G008,H008,P026,qwen3.8:27b,rubric_01.v4.1,0,0.0018,0.998,0.0001,0.0,0.0019,logprobs,,2026-10-03T08:31:43
G008,H008,P027,qwen3.8:27b,rubric_01.v4.1,0,0.1254,0.7466,0.2424,0.0083,0.0027,logprobs,,2026-10-03T08:31:44
G008,H008,P028,qwen3.8:27b,rubric_01.v4.1,0,0.0063,0.9929,0.0003,0.0001,0.0067,logprobs,,2026-10-03T08:31:45
G008,H008,P029,qwen3.8:27b,rubric_01.v4.1,1,0.277,0.3742,0.5444,0.0737,0.0078,logprobs,,2026-10-03T08:31:46
G008,H008,P030,qwen3.8:27b,rubric_01.v4.1,0,0.0055,0.9891,0.0076,0.0002,0.0031,logprobs,,2026-10-03T08:31:47
G009,H009,P001,qwen3.8:27b,rubric_01.v4.1,0,0.1214,0.7663,0.2195,0.0096,0.0046,logprobs,,2026-10-03T08:31:48
G009,H009,P002,qwen3.8:27b,rubric_01.v4.1,0,0.0038,0.9958,0.0001,0.0,0.0041,logprobs,,2026-10-03T08:31:49
G009,H009,P003,qwen3.8:27b,rubric_01.v4.1,0,0.0059,0.9927,0.0013,0.0001,0.0059,logprobs,,2026-10-03T08:31:50
G009,H009,P004,qwen3.8:27b,rubric_01.v4.1,0,0.0695,0.9405,0.0531,0.0038,0.0026,logprobs,,2026-10-03T08:31:51
G009,H009,P005,qwen3.8:27b,rubric_01.v4.1,0,0.1229,0.7642,0.2189,0.0124,0.0045,logprobs,,2026-10-03T08:31:52
G009,H009,P006,qwen3.8:27b,rubric_01.v4.1,0,0.16,0.5828,0.3535,0.0542,0.0094,logprobs,,2026-10-03T08:31:53
G009,H009,P007,qwen3.8:27b,rubric_01.v4.1,0,0.0647,0.971,0.0178,0.0005,0.0108,logprobs,,2026-10-03T08:31:54
G009,H009,P008,qwen3.8:27b,rubric_01.v4.1,0,0.0799,0.9072,0.0844,0.0042,0.0042,logprobs,,2026-10-03T08:31:55
G009,H009,P009,qwen3.8:27b,rubric_01.v4.1,0,0.0732,0.9556,0.0255,0.0014,0.0175,logprobs,,2026-10-03T08:31:56
G009,H009,P010,qwen3.8:27b,rubric_01.v4.1,0,0.0012,0.9987,0.0,0.0,0.0013,logprobs,,2026-10-03T08:31:57
G009,H009,P011,qwen3.8:27b,rubric_01.v4.1,0,0.16,0.5948,0.3608,0.0336,0.0109,logprobs,,2026-10-03T08:31:58
G009,H009,P012,qwen3.8:27b,rubric_01.v4.1,0,0.16,0.6,0.3639,0.0339,0.0022,logprobs,,2026-10-03T08:31:59
G009,H009,P013,qwen3.8:27b,rubric_01.v4.1,0,0.0895,0.8819,0.1053,0.0041,0.0086,logprobs,,2026-10-03T08:32:00
G009,H009,P014,qwen3.8:27b,rubric_01.v4.1,1,0.4267,0.1944,0.5988,0.1944,0.0124,logprobs,,2026-10-03T08:32:01
G009,H009,P015,qwen3.8:27b,rubric_01.v4.1,0,0.061,0.9735,0.0202,0.0005,0.0058,logprobs,,2026-10-03T08:32:02
G009,H009,P016,qwen3.8:27b,rubric_01.v4.1,1,0.2851,0.3249,0.607,0.064,0.0041,logprobs,,2026-10-03T08:32:03
G009,H009,P017,qwen3.8:27b,rubric_01.v4.1,0,0.143,0.6921,0.2885,0.0184,0.0009,logprobs,,2026-10-03T08:32:04
G009,H009,P018,qwen3.8:27b,rubric_01.v4.1,1,0.2759,0.3748,0.5453,0.0738,0.0061,logprobs,,2026-10-03T08:32:05
G009,H009,P019,qwen3.8:27b,rubric_01.v4.1,0,0.0035,0.9959,0.0004,0.0,0.0036,logprobs,,2026-10-03T08:32:06
G009,H009,P020,qwen3.8:27b,rubric_01.v4.1,0,0.097,0.855,0.1311,0.0074,0.0065,logprobs,,2026-10-03T08:32:07
G009,H009,P021,qwen3.8:27b,rubric_01.v4.1,0,0.0631,0.9764,0.0123,0.0004,0.0108,logprobs,,2026-10-03T08:32:08
G009,H009,P022,qwen3.8:27b,rubric_01.v4.1,0,0.16,0.483,0.4262,0.0839,0.0069,logprobs,,2026-10-03T08:32:09
G009,H009,P023,qwen3.8:27b,rubric_01.v4.1,0,0.0551,0.9866,0.011,0.0003,0.0022,logprobs,,2026-10-03T08:32:10
G009,H009,P024,qwen3.8:27b,rubric_01.v4.1,0,0.0646,0.9692,0.0201,0.0011,0.0095,logprobs,,2026-10-03T08:32:11
G009,H009,P025,qwen3.8:27b,rubric_01.v4.1,0,0.0107,0.9874,0.0015,0.0002,0.011,logprobs,,2026-10-03T08:32:12
G009,H009,P026,qwen3.8:27b,rubric_01.v4.1,0,0.0007,0.999,0.0002,0.0,0.0007,logprobs,,2026-10-03T08:32:13
G009,H009,P027,qwen3.8:27b,rubric_01.v4.1,0,0.1052,0.8121,0.1812,0.0055,0.0012,logprobs,,2026-10-03T08:32:14
G009,H009,P028,qwen3.8:27b,rubric_01.v4.1,0,0.0057,0.9934,0.0005,0.0001,0.0059,logprobs,,2026-10-03T08:32:15
G009,H009,P029,qwen3.8:27b,rubric_01.v4.1,0,0.0865,0.885,0.1057,0.0046,0.0046,logprobs,,2026-10-03T08:32:16
G009,H009,P030,qwen3.8:27b,rubric_01.v4.1,0,0.0555,0.9852,0.0124,0.0005,0.0019,logprobs,,2026-10-03T08:32:17
G010,H010,P001,qwen3.8:27b,rubric_01.v4.1,0,0.0824,0.9159,0.0664,0.0062,0.0115,logprobs,,2026-10-03T08:32:18
G010,H010,P002,qwen3.8:27b,rubric_01.v4.1,0,0.0048,0.9927,0.0032,0.0001,0.0041,logprobs,,2026-10-03T08:32:19
G010,H010,P003,qwen3.8:27b,rubric_01.v4.1,0,0.007,0.9922,0.0001,0.0,0.0076,logprobs,,2026-10-03T08:32:20
G010,H010,P004,qwen3.8:27b,rubric_01.v4.1,0,0.0602,0.9823,0.0085,0.0007,0.0085,logprobs,,2026-10-03T08:32:21
G010,H010,P005,qwen3.8:27b,rubric_01.v4.1,0,0.0681,0.9695,0.0138,0.001,0.0157,logprobs,,2026-10-03T08:32:22
G010,H010,P006,qwen3.8:27b,rubric_01.v4.1,1,0.3629,0.1978,0.6093,0.1746,0.0184,logprobs,,2026-10-03T08:32:23
G010,H010,P007,qwen3.8:27b,rubric_01.v4.1,0,0.0198,0.9692,0.0138,0.0013,0.0157,logprobs,,2026-10-03T08:32:24
G010,H010,P008,qwen3.8:27b,rubric_01.v4.1,0,0.16,0.5138,0.4001,0.0788,0.0073,logprobs,,2026-10-03T08:32:25
G010,H010,P009,qwen3.8:27b,rubric_01.v4.1,0,0.1183,0.8205,0.1426,0.015,0.0219,logprobs,,2026-10-03T08:32:26
G010,H010,P010,qwen3.8:27b,rubric_01.v4.1,0,0.0023,0.9975,0.0,0.0,0.0025,logprobs,,2026-10-03T08:32:27
G010,H010,P011,qwen3.8:27b,rubric_01.v4.1,1,0.49,0.14,0.4887,0.2964,0.0749,logprobs,,2026-10-03T08:32:28
G010,H010,P012,qwen3.8:27b,rubric_01.v4.1,1,0.2227,0.3971,0.5099,0.0886,0.0044,logprobs,,2026-10-03T08:32:29
G010,H010,P013,qwen3.8:27b,rubric_01.v4.1,0,0.16,0.5474,0.3762,0.0577,0.0187,logprobs,,2026-10-03T08:32:30
G010,H010,P014,qwen3.8:27b,rubric_01.v4.1,1,0.49,0.0844,0.4859,0.3784,0.0512,logprobs,,2026-10-03T08:32:31
G010,H010,P015,qwen3.8:27b,rubric_01.v4.1,0,0.0192,0.9675,0.0177,0.001,0.0138,logprobs,,2026-10-03T08:32:32
G010,H010,P016,qwen3.8:27b,rubric_01.v4.1,1,0.49,0.153,0.416,0.3671,0.0638,logprobs,,2026-10-03T08:32:33
G010,H010,P017,qwen3.8:27b,rubric_01.v4.1,1,0.2932,0.3386,0.5582,0.097,0.0062,logprobs,,2026-10-03T06:50:25
G010,H010,P018,qwen3.8:27b,rubric_01.v4.1,1,0.3944,0.2217,0.6026,0.1524,0.0234,logprobs,,2026-10-03T08:32:34
G010,H010,P019,qwen3.8:27b,rubric_01.v4.1,0,0.16,0.5258,0.4095,0.0489,0.0159,logprobs,,2026-10-03T08:32:35
G010,H010,P020,qwen3.8:27b,rubric_01.v4.1,1,0.4351,0.1911,0.5885,0.1911,0.0293,logprobs,,2026-10-03T06:50:24
G010,H010,P021,qwen3.8:27b,rubric_01.v4.1,1,0.3318,0.3099,0.511,0.1464,0.0327,logprobs,,2026-10-03T08:32:36
G010,H010,P022,qwen3.8:27b,rubric_01.v4.1,1,0.3476,0.2756,0.515,0.1894,0.02,logprobs,,2026-10-03T08:32:37
G010,H010,P023,qwen3.8:27b,rubric_01.v4.1,0,0.0669,0.9582,0.0328,0.0008,0.0083,logprobs,,2026-10-03T08:32:38
G010,H010,P024,qwen3.8:27b,rubric_01.v4.1,0,0.0369,0.955,0.0073,0.0007,0.037,logprobs,,2026-10-03T08:32:39
G010,H010,P025,qwen3.8:27b,rubric_01.v4.1,2,0.5715,0.0106,0.3093,0.6547,0.0254,logprobs,,2026-10-03T06:50:23
G010,H010,P026,qwen3.8:27b,rubric_01.v4.1,0,0.0038,0.9958,0.0001,0.0,0.0041,logprobs,,2026-10-03T08:32:40
G010,H010,P027,qwen3.8:27b,rubric_01.v4.1,0,0.16,0.4482,0.4482,0.0883,0.0153,logprobs,,2026-10-03T08:32:41
G010,H010,P028,qwen3.8:27b,rubric_01.v4.1,0,0.16,0.4632,0.4632,0.0627,0.0109,logprobs,,2026-10-03T08:32:42
G010,H010,P029,qwen3.8:27b,rubric_01.v4.1,0,0.16,0.529,0.3636,0.0811,0.0263,logprobs,,2026-10-03T08:32:43
G010,H010,P030,qwen3.8:27b,rubric_01.v4.1,0,0.16,0.6541,0.309,0.0287,0.0082,logprobs,,2026-10-03T08:32:44
G011,H011,P001,qwen3.8:27b,rubric_01.v4.1,1,0.3179,0.2605,0.6248,0.1086,0.0061,logprobs,,2026-10-03T08:32:45
G011,H011,P002,qwen3.8:27b,rubric_01.v4.1,0,0.0072,0.9919,0.0005,0.0001,0.0076,logprobs,,2026-10-03T08:32:46
G011,H011,P003,qwen3.8:27b,rubric_01.v4.1,0,0.0017,0.9978,0.0005,0.0,0.0017,logprobs,,2026-10-03T08:32:47
G011,H011,P004,qwen3.8:27b,rubric_01.v4.1,0,0.0524,0.9941,0.0046,0.0001,0.0012,logprobs,,2026-10-03T08:32:48
G011,H011,P005,qwen3.8:27b,rubric_01.v4.1,0,0.16,0.5276,0.3626,0.0917,0.0181,logprobs,,2026-10-03T08:32:49
G011,H011,P006,qwen3.8:27b,rubric_01.v4.1,0,0.16,0.5936,0.36,0.0379,0.0085,logprobs,,2026-10-03T08:32:50
G011,H011,P007,qwen3.8:27b,rubric_01.v4.1,0,0.078,0.9215,0.0668,0.0038,0.008,logprobs,,2026-10-03T08:32:51
G011,H011,P008,qwen3.8:27b,rubric_01.v4.1,0,0.16,0.597,0.3621,0.0382,0.0028,logprobs,,2026-10-03T08:32:52
G011,H011,P009,qwen3.8:27b,rubric_01.v4.1,1,0.3607,0.2631,0.4916,0.2322,0.0131,logprobs,,2026-10-03T08:32:53
G011,H011,P010,qwen3.8:27b,rubric_01.v4.1,0,0.0043,0.9953,0.0001,0.0,0.0046,logprobs,,2026-10-03T08:32:54
G011,H011,P011,qwen3.8:27b,rubric_01.v4.1,1,0.3179,0.2605,0.6248,0.1086,0.0061,logprobs,,2026-10-03T08:32:55
G011,H011,P012,qwen3.8:27b,rubric_01.v4.1,1,0.306,0.3075,0.5744,0.1131,0.005,logprobs,,2026-10-03T08:32:56
G011,H011,P013,qwen3.8:27b,rubric_01.v4.1,0,0.1012,0.8289,0.1632,0.0056,0.0023,logprobs,,2026-10-03T08:32:57
G011,H011,P014,qwen3.8:27b,rubric_01.v4.1,0,0.1262,0.7453,0.242,0.0106,0.0021,logprobs,,2026-10-03T08:32:58
G011,H011,P015,qwen3.8:27b,rubric_01.v4.1,0,0.0588,0.9847,0.0075,0.0003,0.0075,logprobs,,2026-10-03T08:32:59
G011,H011,P016,qwen3.8:27b,rubric_01.v4.1,1,0.3024,0.2915,0.6172,0.0835,0.0078,logprobs,,2026-10-03T08:33:00
G011,H011,P017,qwen3.8:27b,rubric_01.v4.1,0,0.1227,0.764,0.2189,0.014,0.0031,logprobs,,2026-10-03T08:33:01
G011,H011,P018,qwen3.8:27b,rubric_01.v4.1,0,0.16,0.5921,0.3592,0.0379,0.0108,logprobs,,2026-10-03T08:33:02
G011,H011,P019,qwen3.8:27b,rubric_01.v4.1,0,0.1582,0.7675,0.2199,0.0109,0.0017,logprobs,,2026-10-03T08:33:03
G011,H011,P020,qwen3.8:27b,rubric_01.v4.1,0,0.16,0.5464,0.3755,0.0653,0.0128,logprobs,,2026-10-03T08:33:04
G011,H011,P021,qwen3.8:27b,rubric_01.v4.1,0,0.16,0.7397,0.165,0.0536,0.0417,logprobs,,2026-10-03T08:33:05
G011,H011,P022,qwen3.8:27b,rubric_01.v4.1,0,0.1015,0.8282,0.1631,0.0072,0.0016,logprobs,,2026-10-03T08:33:06
G011,H011,P023,qwen3.8:27b,rubric_01.v4.1,0,0.056,0.9885,0.0067,0.0003,0.0046,logprobs,,2026-10-03T08:33:07
G011,H011,P024,qwen3.8:27b,rubric_01.v4.1,0,0.0149,0.9834,0.0006,0.0001,0.0159,logprobs,,2026-10-03T08:33:08
G011,H011,P025,qwen3.8:27b,rubric_01.v4.1,0,0.0954,0.8553,0.1312,0.0122,0.0013,logprobs,,2026-10-03T08:33:09
G011,H011,P026,qwen3.8:27b,rubric_01.v4.1,0,0.0021,0.9968,0.0015,0.0,0.0017,logprobs,,2026-10-03T08:33:10
G011,H011,P027,qwen3.8:27b,rubric_01.v4.1,0,0.16,0.5401,0.4207,0.0345,0.0047,logprobs,,2026-10-03T08:33:11
G011,H011,P028,qwen3.8:27b,rubric_01.v4.1,0,0.1191,0.8073,0.159,0.019,0.0148,logprobs,,2026-10-03T08:33:12
G011,H011,P029,qwen3.8:27b,rubric_01.v4.1,0,0.0691,0.9452,0.0471,0.0034,0.0044,logprobs,,2026-10-03T08:33:13
G011,H011,P030,qwen3.8:27b,rubric_01.v4.1,0,0.0602,0.9681,0.0292,0.001,0.0016,logprobs,,2026-10-03T08:33:14
G012,H012,P001,qwen3.8:27b,rubric_01.v4.1,1,0.3074,0.3068,0.5731,0.1129,0.0072,logprobs,,2026-10-03T08:33:15
G012,H012,P002,qwen3.8:27b,rubric_01.v4.1,0,0.1115,0.8043,0.1795,0.0115,0.0048,logprobs,,2026-10-03T08:33:16
G012,H012,P003,qwen3.8:27b,rubric_01.v4.1,0,0.0039,0.9947,0.0017,0.0001,0.0036,logprobs,,2026-10-03T08:33:17
G012,H012,P004,qwen3.8:27b,rubric_01.v4.1,0,0.0012,0.9987,0.0,0.0,0.0013,logprobs,,2026-10-03T08:33:18
G012,H012,P005,qwen3.8:27b,rubric_01.v4.1,0,0.1167,0.7997,0.1784,0.0089,0.0129,logprobs,,2026-10-03T06:50:26
G012,H012,P006,qwen3.8:27b,rubric_01.v4.1,0,0.0562,0.9892,0.0052,0.0004,0.0052,logprobs,,2026-10-03T08:33:19
G012,H012,P007,qwen3.8:27b,rubric_01.v4.1,0,0.16,0.5682,0.3905,0.0321,0.0092,logprobs,,2026-10-03T08:33:20
G012,H012,P008,qwen3.8:27b,rubric_01.v4.1,1,0.3154,0.2811,0.5951,0.1172,0.0066,logprobs,,2026-10-03T08:33:21
G012,H012,P009,qwen3.8:27b,rubric_01.v4.1,0,0.008,0.9912,0.0002,0.0,0.0086,logprobs,,2026-10-03T08:33:22
G012,H012,P010,qwen3.8:27b,rubric_01.v4.1,0,0.0668,0.9521,0.0418,0.0011,0.005,logprobs,,2026-10-03T08:33:23
G012,H012,P011,qwen3.8:27b,rubric_01.v4.1,0,0.0056,0.9937,0.0003,0.0001,0.0059,logprobs,,2026-10-03T08:33:24
G012,H012,P012,qwen3.8:27b,rubric_01.v4.1,0,0.0679,0.9561,0.0327,0.0039,0.0073,logprobs,,2026-10-03T08:33:25
G012,H012,P013,qwen3.8:27b,rubric_01.v4.1,0,0.0614,0.9802,0.0096,0.0005,0.0096,logprobs,,2026-10-03T08:33:26
G012,H012,P014,qwen3.8:27b,rubric_01.v4.1,0,0.0115,0.9849,0.004,0.0001,0.0109,logprobs,,2026-10-03T08:33:27
G012,H012,P015,qwen3.8:27b,rubric_01.v4.1,0,0.0913,0.8937,0.0831,0.0088,0.0144,logprobs,,2026-10-03T06:50:28
G012,H012,P016,qwen3.8:27b,rubric_01.v4.1,0,0.0735,0.9364,0.0528,0.0026,0.0081,logprobs,,2026-10-03T08:33:28
G012,H012,P017,qwen3.8:27b,rubric_01.v4.1,0,0.0547,0.9886,0.0086,0.0007,0.0022,logprobs,,2026-10-03T08:33:29
G012,H012,P018,qwen3.8:27b,rubric_01.v4.1,0,0.0037,0.9946,0.0022,0.0001,0.0032,logprobs,,2026-10-03T08:33:30
G012,H012,P019,qwen3.8:27b,rubric_01.v4.1,0,0.0055,0.9939,0.0002,0.0,0.0059,logprobs,,2026-10-03T08:33:31
G012,H012,P020,qwen3.8:27b,rubric_01.v4.1,0,0.0024,0.9966,0.0012,0.0,0.0022,logprobs,,2026-10-03T08:33:32
G012,H012,P021,qwen3.8:27b,rubric_01.v4.1,0,0.013,0.9858,0.0001,0.0,0.0141,logprobs,,2026-10-03T08:33:33
G012,H012,P022,qwen3.8:27b,rubric_01.v4.1,0,0.0039,0.9955,0.0003,0.0001,0.0041,logprobs,,2026-10-03T08:33:34
G012,H012,P023,qwen3.8:27b,rubric_01.v4.1,0,0.1276,0.774,0.1957,0.0142,0.0161,logprobs,,2026-10-03T08:33:35
G012,H012,P024,qwen3.8:27b,rubric_01.v4.1,0,0.1455,0.7069,0.26,0.0242,0.0089,logprobs,,2026-10-03T08:33:36
G012,H012,P025,qwen3.8:27b,rubric_01.v4.1,0,0.003,0.9966,0.0002,0.0,0.0032,logprobs,,2026-10-03T08:33:37
G012,H012,P026,qwen3.8:27b,rubric_01.v4.1,0,0.0576,0.9791,0.0179,0.0003,0.0027,logprobs,,2026-10-03T08:33:38
G012,H012,P027,qwen3.8:27b,rubric_01.v4.1,0,0.1397,0.7144,0.2628,0.0148,0.0079,logprobs,,2026-10-03T08:33:39
G012,H012,P028,qwen3.8:27b,rubric_01.v4.1,0,0.1365,0.7344,0.2384,0.0152,0.0119,logprobs,,2026-10-03T08:33:40
G012,H012,P029,qwen3.8:27b,rubric_01.v4.1,0,0.009,0.9864,0.0059,0.0002,0.0075,logprobs,,2026-10-03T06:50:27
G012,H012,P030,qwen3.8:27b,rubric_01.v4.1,0,0.1083,0.8081,0.1803,0.009,0.0026,logprobs,,2026-10-03T08:33:41
G013,H013,P001,qwen3.8:27b,rubric_01.v4.1,1,0.3575,0.1997,0.6152,0.1763,0.0088,logprobs,,2026-10-03T08:33:42
G013,H013,P002,qwen3.8:27b,rubric_01.v4.1,0,0.0706,0.9354,0.0598,0.0014,0.0034,logprobs,,2026-10-03T08:33:43
G013,H013,P003,qwen3.8:27b,rubric_01.v4.1,0,0.0586,0.9793,0.0158,0.0003,0.0045,logprobs,,2026-10-03T08:33:44
G013,H013,P004,qwen3.8:27b,rubric_01.v4.1,0,0.0019,0.9978,0.0002,0.0,0.0019,logprobs,,2026-10-03T08:33:45
G013,H013,P005,qwen3.8:27b,rubric_01.v4.1,0,0.16,0.5942,0.3604,0.038,0.0075,logprobs,,2026-10-03T08:33:46
G013,H013,P006,qwen3.8:27b,rubric_01.v4.1,1,0.262,0.4086,0.5247,0.0627,0.004,logprobs,,2026-10-03T08:33:47
G013,H013,P007,qwen3.8:27b,rubric_01.v4.1,0,0.1248,0.7619,0.2183,0.014,0.0058,logprobs,,2026-10-03T08:33:48
G013,H013,P008,qwen3.8:27b,rubric_01.v4.1,2,0.5537,0.0571,0.2899,0.6138,0.0392,logprobs,,2026-10-03T08:33:49
G013,H013,P009,qwen3.8:27b,rubric_01.v4.1,0,0.0929,0.8697,0.1177,0.004,0.0085,logprobs,,2026-10-03T08:33:50
G013,H013,P010,qwen3.8:27b,rubric_01.v4.1,0,0.0555,0.9852,0.0124,0.0005,0.0019,logprobs,,2026-10-03T08:33:51
G013,H013,P011,qwen3.8:27b,rubric_01.v4.1,1,0.2541,0.4393,0.4978,0.0525,0.0103,logprobs,,2026-10-03T08:33:52
G013,H013,P012,qwen3.8:27b,rubric_01.v4.1,1,0.4047,0.0819,0.6857,0.2226,0.0098,logprobs,,2026-10-03T08:33:53
G013,H013,P013,qwen3.8:27b,rubric_01.v4.1,0,0.1171,0.7711,0.2209,0.0067,0.0013,logprobs,,2026-10-03T08:33:54
G013,H013,P014,qwen3.8:27b,rubric_01.v4.1,0,0.16,0.5582,0.3837,0.0519,0.0062,logprobs,,2026-10-03T08:33:55
G013,H013,P015,qwen3.8:27b,rubric_01.v4.1,0,0.0584,0.978,0.0179,0.0005,0.0035,logprobs,,2026-10-03T08:33:56
G013,H013,P016,qwen3.8:27b,rubric_01.v4.1,1,0.3201,0.2986,0.5578,0.1245,0.0191,logprobs,,2026-10-03T08:33:57
G013,H013,P017,qwen3.8:27b,rubric_01.v4.1,0,0.16,0.623,0.3335,0.0398,0.0037,logprobs,,2026-10-03T08:33:58
G013,H013,P018,qwen3.8:27b,rubric_01.v4.1,0,0.16,0.5735,0.3941,0.0286,0.0039,logprobs,,2026-10-03T06:50:30
G013,H013,P019,qwen3.8:27b,rubric_01.v4.1,0,0.0039,0.9935,0.0036,0.0002,0.0028,logprobs,,2026-10-03T08:33:59
G013,H013,P020,qwen3.8:27b,rubric_01.v4.1,0,0.1528,0.6635,0.3134,0.02,0.0031,logprobs,,2026-10-03T08:34:00
G013,H013,P021,qwen3.8:27b,rubric_01.v4.1,0,0.0623,0.968,0.0258,0.0011,0.0051,logprobs,,2026-10-03T06:50:31
G013,H013,P022,qwen3.8:27b,rubric_01.v4.1,0,0.1203,0.7674,0.2199,0.0097,0.0031,logprobs,,2026-10-03T08:34:01
G013,H013,P023,qwen3.8:27b,rubric_01.v4.1,0,0.0654,0.9645,0.0257,0.0015,0.0083,logprobs,,2026-10-03T08:34:02
G013,H013,P024,qwen3.8:27b,rubric_01.v4.1,0,0.0809,0.9447,0.0285,0.0016,0.0252,logprobs,,2026-10-03T08:34:03
G013,H013,P025,qwen3.8:27b,rubric_01.v4.1,0,0.005,0.9896,0.0076,0.0004,0.0025,logprobs,,2026-10-03T08:34:04
G013,H013,P026,qwen3.8:27b,rubric_01.v4.1,0,0.0855,0.8858,0.1058,0.006,0.0025,logprobs,,2026-10-03T08:34:05
G013,H013,P027,qwen3.8:27b,rubric_01.v4.1,1,0.4435,0.1737,0.5349,0.2527,0.0387,logprobs,,2026-10-03T06:50:29
G013,H013,P028,qwen3.8:27b,rubric_01.v4.1,0,0.16,0.4594,0.4594,0.0704,0.0108,logprobs,,2026-10-03T08:34:06
G013,H013,P029,qwen3.8:27b,rubric_01.v4.1,0,0.0691,0.937,0.0599,0.0012,0.0018,logprobs,,2026-10-03T08:34:07
G013,H013,P030,qwen3.8:27b,rubric_01.v4.1,0,0.1386,0.698,0.291,0.01,0.001,logprobs,,2026-10-03T08:34:08
G014,H014,P001,qwen3.8:27b,rubric_01.v4.1,0,0.0096,0.9846,0.0075,0.0004,0.0075,logprobs,,2026-10-03T08:34:09
G014,H014,P002,qwen3.8:27b,rubric_01.v4.1,0,0.0011,0.9988,0.0,0.0,0.0012,logprobs,,2026-10-03T08:34:10
G014,H014,P003,qwen3.8:27b,rubric_01.v4.1,0,0.0023,0.9974,0.0001,0.0,0.0025,logprobs,,2026-10-03T08:34:11
G014,H014,P004,qwen3.8:27b,rubric_01.v4.1,0,0.001,0.9989,0.0,0.0,0.001,logprobs,,2026-10-03T08:34:12
G014,H014,P005,qwen3.8:27b,rubric_01.v4.1,0,0.0645,0.9544,0.0419,0.0018,0.0018,logprobs,,2026-10-03T08:34:13
G014,H014,P006,qwen3.8:27b,rubric_01.v4.1,1,0.2798,0.35,0.5771,0.0689,0.0039,logprobs,,2026-10-03T08:34:14
G014,H014,P007,qwen3.8:27b,rubric_01.v4.1,0,0.0024,0.9973,0.0001,0.0001,0.0025,logprobs,,2026-10-03T08:34:15
G014,H014,P008,qwen3.8:27b,rubric_01.v4.1,0,0.0017,0.9979,0.0003,0.0,0.0017,logprobs,,2026-10-03T08:34:16
G014,H014,P009,qwen3.8:27b,rubric_01.v4.1,0,0.0056,0.9936,0.0005,0.0,0.0059,logprobs,,2026-10-03T08:34:17
G014,H014,P010,qwen3.8:27b,rubric_01.v4.1,0,0.0033,0.9964,0.0,0.0,0.0036,logprobs,,2026-10-03T08:34:18
G014,H014,P011,qwen3.8:27b,rubric_01.v4.1,1,0.272,0.4221,0.4784,0.0831,0.0164,logprobs,,2026-10-03T08:34:19
G014,H014,P012,qwen3.8:27b,rubric_01.v4.1,1,0.4477,0.0765,0.5654,0.343,0.0151,logprobs,,2026-10-03T08:34:20
G014,H014,P013,qwen3.8:27b,rubric_01.v4.1,1,0.49,0.113,0.5065,0.3481,0.0324,logprobs,,2026-10-03T08:34:21
G014,H014,P014,qwen3.8:27b,rubric_01.v4.1,0,0.16,0.4731,0.4175,0.0932,0.0162,logprobs,,2026-10-03T08:34:22
G014,H014,P015,qwen3.8:27b,rubric_01.v4.1,0,0.0044,0.9939,0.0019,0.0001,0.0041,logprobs,,2026-10-03T08:34:23
G014,H014,P016,qwen3.8:27b,rubric_01.v4.1,1,0.3545,0.2188,0.5949,0.1704,0.0159,logprobs,,2026-10-03T08:34:24
G014,H014,P017,qwen3.8:27b,rubric_01.v4.1,0,0.077,0.9262,0.0592,0.0091,0.0055,logprobs,,2026-10-03T08:34:25
G014,H014,P018,qwen3.8:27b,rubric_01.v4.1,1,0.3391,0.2286,0.6214,0.1386,0.0114,logprobs,,2026-10-03T08:34:26
G014,H014,P019,qwen3.8:27b,rubric_01.v4.1,0,0.0594,0.9767,0.0179,0.0015,0.004,logprobs,,2026-10-03T08:34:27
G014,H014,P020,qwen3.8:27b,rubric_01.v4.1,0,0.16,0.4632,0.4088,0.1171,0.0109,logprobs,,2026-10-03T08:34:28
G014,H014,P021,qwen3.8:27b,rubric_01.v4.1,0,0.0203,0.9676,0.0156,0.0011,0.0156,logprobs,,2026-10-03T08:34:29
G014,H014,P022,qwen3.8:27b,rubric_01.v4.1,0,0.0817,0.9288,0.0462,0.0117,0.0132,logprobs,,2026-10-03T08:34:30
G014,H014,P023,qwen3.8:27b,rubric_01.v4.1,0,0.0074,0.9912,0.0012,0.0001,0.0076,logprobs,,2026-10-03T08:34:31
G014,H014,P024,qwen3.8:27b,rubric_01.v4.1,0,0.0014,0.9985,0.0,0.0,0.0015,logprobs,,2026-10-03T08:34:32
G014,H014,P025,qwen3.8:27b,rubric_01.v4.1,1,0.2857,0.3442,0.5674,0.087,0.0014,logprobs,,2026-10-03T08:34:33
G014,H014,P026,qwen3.8:27b,rubric_01.v4.1,0,0.0034,0.9963,0.0001,0.0,0.0036,logprobs,,2026-10-03T08:34:34
G014,H014,P027,qwen3.8:27b,rubric_01.v4.1,0,0.1129,0.8345,0.128,0.0222,0.0153,logprobs,,2026-10-03T08:34:35
G014,H014,P028,qwen3.8:27b,rubric_01.v4.1,0,0.0056,0.9925,0.0022,0.0001,0.0052,logprobs,,2026-10-03T08:34:36
G014,H014,P029,qwen3.8:27b,rubric_01.v4.1,0,0.119,0.782,0.1977,0.0162,0.0041,logprobs,,2026-10-03T08:34:37
G014,H014,P030,qwen3.8:27b,rubric_01.v4.1,0,0.0963,0.8544,0.131,0.0122,0.0024,logprobs,,2026-10-03T08:34:38
G015,H015,P001,qwen3.8:27b,rubric_01.v4.1,0,0.0014,0.9985,0.0,0.0,0.0015,logprobs,,2026-10-03T08:34:39
G015,H015,P002,qwen3.8:27b,rubric_01.v4.1,0,0.0084,0.99,0.0013,0.0001,0.0086,logprobs,,2026-10-03T08:34:40
G015,H015,P003,qwen3.8:27b,rubric_01.v4.1,0,0.0005,0.9994,0.0,0.0,0.0006,logprobs,,2026-10-03T08:34:41
G015,H015,P004,qwen3.8:27b,rubric_01.v4.1,0,0.0032,0.996,0.0008,0.0001,0.0032,logprobs,,2026-10-03T08:34:42
G015,H015,P005,qwen3.8:27b,rubric_01.v4.1,0,0.0012,0.9986,0.0,0.0,0.0013,logprobs,,2026-10-03T08:34:43
G015,H015,P006,qwen3.8:27b,rubric_01.v4.1,0,0.0014,0.9984,0.0001,0.0,0.0015,logprobs,,2026-10-03T08:34:44
G015,H015,P007,qwen3.8:27b,rubric_01.v4.1,0,0.0016,0.9983,0.0,0.0,0.0017,logprobs,,2026-10-03T08:34:45
G015,H015,P008,qwen3.8:27b,rubric_01.v4.1,0,0.0008,0.9991,0.0,0.0,0.0009,logprobs,,2026-10-03T08:34:46
G015,H015,P009,qwen3.8:27b,rubric_01.v4.1,0,0.0033,0.9964,0.0,0.0,0.0036,logprobs,,2026-10-03T08:34:47
G015,H015,P010,qwen3.8:27b,rubric_01.v4.1,0,0.0009,0.9991,0.0,0.0,0.0009,logprobs,,2026-10-03T08:34:48
G015,H015,P011,qwen3.8:27b,rubric_01.v4.1,0,0.0022,0.9974,0.0004,0.0,0.0022,logprobs,,2026-10-03T08:34:49
G015,H015,P012,qwen3.8:27b,rubric_01.v4.1,0,0.0007,0.9993,0.0,0.0,0.0007,logprobs,,2026-10-03T08:34:50
G015,H015,P013,qwen3.8:27b,rubric_01.v4.1,0,0.0014,0.9985,0.0,0.0,0.0015,logprobs,,2026-10-03T08:34:51
G015,H015,P014,qwen3.8:27b,rubric_01.v4.1,0,0.005,0.9944,0.0004,0.0,0.0052,logprobs,,2026-10-03T06:50:33
G015,H015,P015,qwen3.8:27b,rubric_01.v4.1,0,0.0007,0.9992,0.0,0.0,0.0008,logprobs,,2026-10-03T08:34:52
G015,H015,P016,qwen3.8:27b,rubric_01.v4.1,0,0.0063,0.9931,0.0002,0.0,0.0067,logprobs,,2026-10-03T08:34:53
G015,H015,P017,qwen3.8:27b,rubric_01.v4.1,0,0.0576,0.9789,0.0179,0.0007,0.0024,logprobs,,2026-10-03T06:50:32
G015,H015,P018,qwen3.8:27b,rubric_01.v4.1,0,0.0546,0.9922,0.0036,0.0002,0.0041,logprobs,,2026-10-03T08:34:54
G015,H015,P019,qwen3.8:27b,rubric_01.v4.1,0,0.0004,0.9996,0.0,0.0,0.0004,logprobs,,2026-10-03T08:34:55
G015,H015,P020,qwen3.8:27b,rubric_01.v4.1,0,0.0039,0.9956,0.0003,0.0,0.0041,logprobs,,2026-10-03T08:34:56
G015,H015,P021,qwen3.8:27b,rubric_01.v4.1,0,0.0168,0.9812,0.0008,0.0001,0.018,logprobs,,2026-10-03T08:34:57
G015,H015,P022,qwen3.8:27b,rubric_01.v4.1,0,0.0038,0.9958,0.0001,0.0,0.0041,logprobs,,2026-10-03T08:34:58
G015,H015,P023,qwen3.8:27b,rubric_01.v4.1,0,0.0011,0.9988,0.0,0.0,0.0012,logprobs,,2026-10-03T08:34:59
G015,H015,P024,qwen3.8:27b,rubric_01.v4.1,0,0.0049,0.9947,0.0001,0.0,0.0052,logprobs,,2026-10-03T08:35:00
G015,H015,P025,qwen3.8:27b,rubric_01.v4.1,0,0.0007,0.9993,0.0,0.0,0.0007,logprobs,,2026-10-03T08:35:01
G015,H015,P026,qwen3.8:27b,rubric_01.v4.1,0,0.0004,0.9996,0.0,0.0,0.0004,logprobs,,2026-10-03T08:35:02
G015,H015,P027,qwen3.8:27b,rubric_01.v4.1,0,0.001,0.9989,0.0,0.0,0.001,logprobs,,2026-10-03T08:35:03
G015,H015,P028,qwen3.8:27b,rubric_01.v4.1,0,0.0014,0.9985,0.0,0.0,0.0015,logprobs,,2026-10-03T08:35:04
G015,H015,P029,qwen3.8:27b,rubric_01.v4.1,0,0.008,0.9913,0.0001,0.0,0.0086,logprobs,,2026-10-03T06:50:34
G015,H015,P030,qwen3.8:27b,rubric_01.v4.1,0,0.0629,0.9649,0.0291,0.0015,0.0045,logprobs,,2026-10-03T08:35:05
G016,H016,P001,qwen3.8:27b,rubric_01.v4.1,0,0.0043,0.9951,0.0002,0.0,0.0046,logprobs,,2026-10-03T08:35:06
G016,H016,P002,qwen3.8:27b,rubric_01.v4.1,0,0.0009,0.999,0.0,0.0,0.0009,logprobs,,2026-10-03T08:35:07
G016,H016,P003,qwen3.8:27b,rubric_01.v4.1,0,0.0006,0.9993,0.0,0.0,0.0006,logprobs,,2026-10-03T08:35:08
G016,H016,P004,qwen3.8:27b,rubric_01.v4.1,0,0.0003,0.9997,0.0,0.0,0.0003,logprobs,,2026-10-03T08:35:09
G016,H016,P005,qwen3.8:27b,rubric_01.v4.1,0,0.0016,0.9982,0.0,0.0,0.0017,logprobs,,2026-10-03T08:35:10
G016,H016,P006,qwen3.8:27b,rubric_01.v4.1,0,0.1415,0.7267,0.2359,0.0282,0.0091,logprobs,,2026-10-03T08:35:11
G016,H016,P007,qwen3.8:27b,rubric_01.v4.1,0,0.004,0.9953,0.0006,0.0001,0.0041,logprobs,,2026-10-03T08:35:12
G016,H016,P008,qwen3.8:27b,rubric_01.v4.1,0,0.0125,0.9761,0.0158,0.0007,0.0075,logprobs,,2026-10-03T08:35:13
G016,H016,P009,qwen3.8:27b,rubric_01.v4.1,0,0.0615,0.9822,0.0066,0.0003,0.0109,logprobs,,2026-10-03T08:35:14
G016,H016,P010,qwen3.8:27b,rubric_01.v4.1,0,0.0016,0.9982,0.0,0.0,0.0017,logprobs,,2026-10-03T08:35:15
G016,H016,P011,qwen3.8:27b,rubric_01.v4.1,1,0.284,0.3687,0.5364,0.0823,0.0126,logprobs,,2026-10-03T08:35:16
G016,H016,P012,qwen3.8:27b,rubric_01.v4.1,0,0.0764,0.9117,0.0848,0.0016,0.002,logprobs,,2026-10-03T08:35:17
G016,H016,P013,qwen3.8:27b,rubric_01.v4.1,0,0.0613,0.973,0.0202,0.001,0.0058,logprobs,,2026-10-03T08:35:18
G016,H016,P014,qwen3.8:27b,rubric_01.v4.1,0,0.12,0.7679,0.22,0.0085,0.0036,logprobs,,2026-10-03T08:35:19
G016,H016,P015,qwen3.8:27b,rubric_01.v4.1,0,0.0034,0.9963,0.0001,0.0,0.0036,logprobs,,2026-10-03T08:35:20
G016,H016,P016,qwen3.8:27b,rubric_01.v4.1,0,0.132,0.7522,0.2155,0.0257,0.0065,logprobs,,2026-10-03T08:35:21
G016,H016,P017,qwen3.8:27b,rubric_01.v4.1,0,0.16,0.6063,0.3677,0.0235,0.0025,logprobs,,2026-10-03T08:35:22
G016,H016,P018,qwen3.8:27b,rubric_01.v4.1,0,0.1267,0.7453,0.242,0.0083,0.0044,logprobs,,2026-10-03T08:35:23
G016,H016,P019,qwen3.8:27b,rubric_01.v4.1,0,0.0011,0.9987,0.0001,0.0,0.0012,logprobs,,2026-10-03T08:35:24
G016,H016,P020,qwen3.8:27b,rubric_01.v4.1,1,0.2946,0.3189,0.5959,0.0712,0.014,logprobs,,2026-10-03T08:35:25
G016,H016,P021,qwen3.8:27b,rubric_01.v4.1,0,0.16,0.5249,0.3608,0.0912,0.0231,logprobs,,2026-10-03T08:35:26
G016,H016,P022,qwen3.8:27b,rubric_01.v4.1,0,0.0705,0.9584,0.0255,0.0024,0.0137,logprobs,,2026-10-03T08:35:27
G016,H016,P023,qwen3.8:27b,rubric_01.v4.1,0,0.0011,0.9987,0.0001,0.0,0.0012,logprobs,,2026-10-03T08:35:28
G016,H016,P024,qwen3.8:27b,rubric_01.v4.1,0,0.0044,0.995,0.0003,0.0001,0.0046,logprobs,,2026-10-03T08:35:29
G016,H016,P025,qwen3.8:27b,rubric_01.v4.1,0,0.0044,0.9951,0.0002,0.0001,0.0046,logprobs,,2026-10-03T08:35:30
G016,H016,P026,qwen3.8:27b,rubric_01.v4.1,0,0.0005,0.9994,0.0,0.0,0.0006,logprobs,,2026-10-03T08:35:31
G016,H016,P027,qwen3.8:27b,rubric_01.v4.1,0,0.0931,0.8698,0.1177,0.0028,0.0097,logprobs,,2026-10-03T08:35:32
G016,H016,P028,qwen3.8:27b,rubric_01.v4.1,0,0.003,0.9966,0.0002,0.0,0.0032,logprobs,,2026-10-03T08:35:33
G016,H016,P029,qwen3.8:27b,rubric_01.v4.1,0,0.0546,0.9915,0.0046,0.0003,0.0036,logprobs,,2026-10-03T08:35:34
G016,H016,P030,qwen3.8:27b,rubric_01.v4.1,0,0.01,0.9857,0.0052,0.0006,0.0085,logprobs,,2026-10-03T08:35:35
G017,H017,P001,qwen3.8:27b,rubric_01.v4.1,1,0.2756,0.3535,0.5827,0.0614,0.0024,logprobs,,2026-10-03T08:35:36
G017,H017,P002,qwen3.8:27b,rubric_01.v4.1,0,0.0009,0.9989,0.0002,0.0,0.0009,logprobs,,2026-10-03T08:35:37
G017,H017,P003,qwen3.8:27b,rubric_01.v4.1,0,0.11,0.8067,0.18,0.0079,0.0054,logprobs,,2026-10-03T08:35:38
G017,H017,P004,qwen3.8:27b,rubric_01.v4.1,0,0.0031,0.9956,0.0015,0.0001,0.0028,logprobs,,2026-10-03T08:35:39
G017,H017,P005,qwen3.8:27b,rubric_01.v4.1,0,0.0608,0.9649,0.033,0.001,0.0011,logprobs,,2026-10-03T08:35:40
G017,H017,P006,qwen3.8:27b,rubric_01.v4.1,1,0.3574,0.2155,0.5859,0.1902,0.0084,logprobs,,2026-10-03T08:35:41
G017,H017,P007,qwen3.8:27b,rubric_01.v4.1,0,0.16,0.544,0.4236,0.0271,0.0053,logprobs,,2026-10-03T08:35:42
G017,H017,P008,qwen3.8:27b,rubric_01.v4.1,1,0.2458,0.4458,0.5052,0.047,0.0021,logprobs,,2026-10-03T08:35:43
G017,H017,P009,qwen3.8:27b,rubric_01.v4.1,0,0.1004,0.8296,0.1634,0.0056,0.0014,logprobs,,2026-10-03T08:35:44
G017,H017,P010,qwen3.8:27b,rubric_01.v4.1,0,0.0033,0.9963,0.0,0.0001,0.0036,logprobs,,2026-10-03T08:35:45
G017,H017,P011,qwen3.8:27b,rubric_01.v4.1,1,0.49,0.1256,0.4969,0.3415,0.036,logprobs,,2026-10-03T08:35:46
G017,H017,P012,qwen3.8:27b,rubric_01.v4.1,1,0.321,0.2576,0.6179,0.1217,0.0029,logprobs,,2026-10-03T08:35:47
G017,H017,P013,qwen3.8:27b,rubric_01.v4.1,1,0.2785,0.3719,0.541,0.083,0.0041,logprobs,,2026-10-03T08:35:48
G017,H017,P014,qwen3.8:27b,rubric_01.v4.1,1,0.4562,0.0889,0.6572,0.2418,0.012,logprobs,,2026-10-03T08:35:49
G017,H017,P015,qwen3.8:27b,rubric_01.v4.1,0,0.1106,0.8061,0.1799,0.0079,0.0062,logprobs,,2026-10-03T08:35:50
G017,H017,P016,qwen3.8:27b,rubric_01.v4.1,1,0.4079,0.2091,0.5684,0.2091,0.0134,logprobs,,2026-10-03T08:35:51
G017,H017,P017,qwen3.8:27b,rubric_01.v4.1,0,0.16,0.5033,0.392,0.0991,0.0056,logprobs,,2026-10-03T08:35:52
G017,H017,P018,qwen3.8:27b,rubric_01.v4.1,1,0.3569,0.1557,0.698,0.1374,0.0088,logprobs,,2026-10-03T08:35:53
G017,H017,P019,qwen3.8:27b,rubric_01.v4.1,0,0.0731,0.9391,0.0468,0.0092,0.0049,logprobs,,2026-10-03T08:35:54
G017,H017,P020,qwen3.8:27b,rubric_01.v4.1,1,0.4322,0.206,0.5601,0.206,0.0279,logprobs,,2026-10-03T08:35:55
G017,H017,P021,qwen3.8:27b,rubric_01.v4.1,0,0.1346,0.751,0.2152,0.02,0.0138,logprobs,,2026-10-03T08:35:56
G017,H017,P022,qwen3.8:27b,rubric_01.v4.1,0,0.16,0.5034,0.4442,0.0468,0.0056,logprobs,,2026-10-03T08:35:57
G017,H017,P023,qwen3.8:27b,rubric_01.v4.1,0,0.1029,0.8375,0.1455,0.0105,0.0064,logprobs,,2026-10-03T08:35:58
G017,H017,P024,qwen3.8:27b,rubric_01.v4.1,0,0.0692,0.961,0.0226,0.0057,0.0107,logprobs,,2026-10-03T08:35:59
G017,H017,P025,qwen3.8:27b,rubric_01.v4.1,0,0.0673,0.9435,0.0532,0.0021,0.0013,logprobs,,2026-10-03T08:36:00
G017,H017,P026,qwen3.8:27b,rubric_01.v4.1,0,0.122,0.7508,0.2438,0.0039,0.0014,logprobs,,2026-10-03T08:36:01
G017,H017,P027,qwen3.8:27b,rubric_01.v4.1,0,0.16,0.5455,0.4248,0.0272,0.0025,logprobs,,2026-10-03T08:36:02
G017,H017,P028,qwen3.8:27b,rubric_01.v4.1,0,0.1513,0.6992,0.2572,0.0348,0.0088,logprobs,,2026-10-03T08:36:03
G017,H017,P029,qwen3.8:27b,rubric_01.v4.1,1,0.1918,0.4238,0.5442,0.0307,0.0013,logprobs,,2026-10-03T08:36:04
G017,H017,P030,qwen3.8:27b,rubric_01.v4.1,0,0.16,0.5505,0.3784,0.0657,0.0054,logprobs,,2026-10-03T08:36:05
G018,H018,P001,qwen3.8:27b,rubric_01.v4.1,0,0.0824,0.89,0.1063,0.0022,0.0015,logprobs,,2026-10-03T08:36:06
G018,H018,P002,qwen3.8:27b,rubric_01.v4.1,0,0.1176,0.7704,0.2207,0.0076,0.0013,logprobs,,2026-10-03T08:36:07
G018,H018,P003,qwen3.8:27b,rubric_01.v4.1,0,0.0014,0.9985,0.0,0.0,0.0015,logprobs,,2026-10-03T08:36:08
G018,H018,P004,qwen3.8:27b,rubric_01.v4.1,0,0.1125,0.8025,0.1791,0.0147,0.0037,logprobs,,2026-10-03T08:36:09
G018,H018,P005,qwen3.8:27b,rubric_01.v4.1,0,0.0584,0.9828,0.0109,0.0004,0.0058,logprobs,,2026-10-03T08:36:10
G018,H018,P006,qwen3.8:27b,rubric_01.v4.1,0,0.1544,0.6622,0.3128,0.02,0.0051,logprobs,,2026-10-03T08:36:11
G018,H018,P007,qwen3.8:27b,rubric_01.v4.1,0,0.0063,0.9883,0.0075,0.0002,0.004,logprobs,,2026-10-03T08:36:12
G018,H018,P008,qwen3.8:27b,rubric_01.v4.1,0,0.0763,0.9118,0.0848,0.0014,0.002,logprobs,,2026-10-03T08:36:13
G018,H018,P009,qwen3.8:27b,rubric_01.v4.1,0,0.16,0.6547,0.3093,0.0254,0.0106,logprobs,,2026-10-03T08:36:14
G018,H018,P010,qwen3.8:27b,rubric_01.v4.1,0,0.0014,0.9984,0.0001,0.0,0.0015,logprobs,,2026-10-03T08:36:15
G018,H018,P011,qwen3.8:27b,rubric_01.v4.1,1,0.2822,0.3697,0.5379,0.0825,0.0099,logprobs,,2026-10-03T08:36:16
G018,H018,P012,qwen3.8:27b,rubric_01.v4.1,0,0.16,0.5435,0.4233,0.0307,0.0025,logprobs,,2026-10-03T08:36:17
G018,H018,P013,qwen3.8:27b,rubric_01.v4.1,0,0.0771,0.917,0.0753,0.0029,0.0048,logprobs,,2026-10-03T08:36:18
G018,H018,P014,qwen3.8:27b,rubric_01.v4.1,0,0.16,0.5262,0.4098,0.0555,0.0085,logprobs,,2026-10-03T08:36:19
G018,H018,P015,qwen3.8:27b,rubric_01.v4.1,0,0.0032,0.996,0.0008,0.0001,0.0032,logprobs,,2026-10-03T08:36:20
G018,H018,P016,qwen3.8:27b,rubric_01.v4.1,1,0.2566,0.4142,0.5318,0.0495,0.0046,logprobs,,2026-10-03T08:36:21
G018,H018,P017,qwen3.8:27b,rubric_01.v4.1,1,0.2666,0.4045,0.5194,0.0703,0.0058,logprobs,,2026-10-03T08:36:22
G018,H018,P018,qwen3.8:27b,rubric_01.v4.1,1,0.2449,0.4481,0.5078,0.0368,0.0072,logprobs,,2026-10-03T08:36:23
G018,H018,P019,qwen3.8:27b,rubric_01.v4.1,0,0.0027,0.9964,0.001,0.0001,0.0025,logprobs,,2026-10-03T08:36:24
G018,H018,P020,qwen3.8:27b,rubric_01.v4.1,1,0.2968,0.377,0.4841,0.1224,0.0166,logprobs,,2026-10-03T08:36:25
G018,H018,P021,qwen3.8:27b,rubric_01.v4.1,0,0.16,0.6618,0.2759,0.0423,0.02,logprobs,,2026-10-03T08:36:26
G018,H018,P022,qwen3.8:27b,rubric_01.v4.1,0,0.1578,0.658,0.3108,0.0255,0.0057,logprobs,,2026-10-03T08:36:27
G018,H018,P023,qwen3.8:27b,rubric_01.v4.1,0,0.013,0.9829,0.0046,0.0002,0.0124,logprobs,,2026-10-03T08:36:28
G018,H018,P024,qwen3.8:27b,rubric_01.v4.1,0,0.1322,0.7231,0.266,0.0071,0.0038,logprobs,,2026-10-03T08:36:29
G018,H018,P025,qwen3.8:27b,rubric_01.v4.1,0,0.0561,0.9821,0.0159,0.0004,0.0017,logprobs,,2026-10-03T08:36:30
G018,H018,P026,qwen3.8:27b,rubric_01.v4.1,0,0.0003,0.9996,0.0001,0.0,0.0003,logprobs,,2026-10-03T08:36:31
G018,H018,P027,qwen3.8:27b,rubric_01.v4.1,0,0.1059,0.8235,0.1622,0.0081,0.0063,logprobs,,2026-10-03T08:36:32
G018,H018,P028,qwen3.8:27b,rubric_01.v4.1,0,0.056,0.9865,0.0097,0.0003,0.0036,logprobs,,2026-10-03T08:36:33
G018,H018,P029,qwen3.8:27b,rubric_01.v4.1,0,0.0782,0.9157,0.0752,0.0029,0.0062,logprobs,,2026-10-03T08:36:34
G018,H018,P030,qwen3.8:27b,rubric_01.v4.1,0,0.16,0.6288,0.3366,0.0313,0.0033,logprobs,,2026-10-03T08:36:35
G019,H019,P001,qwen3.8:27b,rubric_01.v4.1,0,0.0149,0.9733,0.0157,0.0015,0.0095,logprobs,,2026-10-03T08:36:36
G019,H019,P002,qwen3.8:27b,rubric_01.v4.1,0,0.0055,0.9939,0.0002,0.0001,0.0059,logprobs,,2026-10-03T08:36:37
G019,H019,P003,qwen3.8:27b,rubric_01.v4.1,0,0.0008,0.9992,0.0,0.0,0.0008,logprobs,,2026-10-03T08:36:38
G019,H019,P004,qwen3.8:27b,rubric_01.v4.1,0,0.0005,0.9995,0.0,0.0,0.0005,logprobs,,2026-10-03T08:36:39
G019,H019,P005,qwen3.8:27b,rubric_01.v4.1,0,0.0074,0.9898,0.0032,0.0003,0.0067,logprobs,,2026-10-03T08:36:40
G019,H019,P006,qwen3.8:27b,rubric_01.v4.1,1,0.274,0.419,0.4748,0.0935,0.0127,logprobs,,2026-10-03T08:36:41
G019,H019,P007,qwen3.8:27b,rubric_01.v4.1,0,0.0104,0.9885,0.0003,0.0002,0.011,logprobs,,2026-10-03T08:36:42
G019,H019,P008,qwen3.8:27b,rubric_01.v4.1,0,0.0679,0.9426,0.0532,0.0026,0.0016,logprobs,,2026-10-03T08:36:43
G019,H019,P009,qwen3.8:27b,rubric_01.v4.1,0,0.0989,0.8521,0.1307,0.0107,0.0065,logprobs,,2026-10-03T08:36:44
G019,H019,P010,qwen3.8:27b,rubric_01.v4.1,0,0.0033,0.9963,0.0,0.0001,0.0036,logprobs,,2026-10-03T08:36:45
G019,H019,P011,qwen3.8:27b,rubric_01.v4.1,1,0.4332,0.2368,0.5013,0.209,0.0528,logprobs,,2026-10-03T08:36:46
G019,H019,P012,qwen3.8:27b,rubric_01.v4.1,0,0.16,0.5155,0.455,0.0291,0.0004,logprobs,,2026-10-03T08:36:47
G019,H019,P013,qwen3.8:27b,rubric_01.v4.1,0,0.088,0.8833,0.1055,0.0053,0.006,logprobs,,2026-10-03T08:36:48
G019,H019,P014,qwen3.8:27b,rubric_01.v4.1,0,0.16,0.5971,0.3622,0.0297,0.0109,logprobs,,2026-10-03T08:36:49
G019,H019,P015,qwen3.8:27b,rubric_01.v4.1,0,0.0084,0.9882,0.004,0.0002,0.0075,logprobs,,2026-10-03T08:36:50
G019,H019,P016,qwen3.8:27b,rubric_01.v4.1,0,0.16,0.4911,0.3825,0.1096,0.0168,logprobs,,2026-10-03T08:36:51
G019,H019,P017,qwen3.8:27b,rubric_01.v4.1,0,0.16,0.6285,0.3364,0.0313,0.0037,logprobs,,2026-10-03T08:36:52
G019,H019,P018,qwen3.8:27b,rubric_01.v4.1,0,0.16,0.4921,0.3832,0.0969,0.0278,logprobs,,2026-10-03T08:36:53
G019,H019,P019,qwen3.8:27b,rubric_01.v4.1,0,0.0644,0.9602,0.0329,0.0035,0.0035,logprobs,,2026-10-03T08:36:54
G019,H019,P020,qwen3.8:27b,rubric_01.v4.1,1,0.49,0.1585,0.431,0.3356,0.0749,logprobs,,2026-10-03T08:36:55
G019,H019,P021,qwen3.8:27b,rubric_01.v4.1,1,0.4876,0.2185,0.3603,0.318,0.1032,logprobs,,2026-10-03T08:36:56
G019,H019,P022,qwen3.8:27b,rubric_01.v4.1,0,0.1082,0.8198,0.1614,0.0133,0.0055,logprobs,,2026-10-03T08:36:57
G019,H019,P023,qwen3.8:27b,rubric_01.v4.1,0,0.003,0.9965,0.0003,0.0001,0.0032,logprobs,,2026-10-03T08:36:58
G019,H019,P024,qwen3.8:27b,rubric_01.v4.1,0,0.008,0.9912,0.0002,0.0,0.0086,logprobs,,2026-10-03T08:36:59
G019,H019,P025,qwen3.8:27b,rubric_01.v4.1,0,0.0636,0.9554,0.042,0.0016,0.001,logprobs,,2026-10-03T08:37:00
G019,H019,P026,qwen3.8:27b,rubric_01.v4.1,0,0.0012,0.9986,0.0,0.0,0.0013,logprobs,,2026-10-03T08:37:01
G019,H019,P027,qwen3.8:27b,rubric_01.v4.1,0,0.16,0.6334,0.3391,0.0246,0.0029,logprobs,,2026-10-03T08:37:02
G019,H019,P028,qwen3.8:27b,rubric_01.v4.1,0,0.0096,0.9887,0.0013,0.0003,0.0097,logprobs,,2026-10-03T08:37:03
G019,H019,P029,qwen3.8:27b,rubric_01.v4.1,0,0.0989,0.8521,0.1307,0.0107,0.0065,logprobs,,2026-10-03T08:37:04
G019,H019,P030,qwen3.8:27b,rubric_01.v4.1,0,0.0841,0.918,0.0587,0.0102,0.0131,logprobs,,2026-10-03T08:37:05
G020,H020,P001,qwen3.8:27b,rubric_01.v4.1,0,0.0019,0.9978,0.0002,0.0,0.0019,logprobs,,2026-10-03T06:50:37
G020,H020,P002,qwen3.8:27b,rubric_01.v4.1,0,0.0084,0.9899,0.0015,0.0001,0.0086,logprobs,,2026-10-03T08:37:06
G020,H020,P003,qwen3.8:27b,rubric_01.v4.1,0,0.001,0.999,0.0,0.0,0.001,logprobs,,2026-10-03T08:37:07
G020,H020,P004,qwen3.8:27b,rubric_01.v4.1,0,0.072,0.9282,0.0672,0.003,0.0016,logprobs,,2026-10-03T08:37:08
G020,H020,P005,qwen3.8:27b,rubric_01.v4.1,0,0.0105,0.9858,0.004,0.0005,0.0097,logprobs,,2026-10-03T08:37:09
G020,H020,P006,qwen3.8:27b,rubric_01.v4.1,0,0.095,0.8567,0.1314,0.0084,0.0035,logprobs,,2026-10-03T08:37:10
G020,H020,P007,qwen3.8:27b,rubric_01.v4.1,0,0.0167,0.9815,0.0004,0.0001,0.018,logprobs,,2026-10-03T08:37:11
G020,H020,P008,qwen3.8:27b,rubric_01.v4.1,0,0.003,0.9966,0.0002,0.0,0.0032,logprobs,,2026-10-03T08:37:12
G020,H020,P009,qwen3.8:27b,rubric_01.v4.1,0,0.16,0.5624,0.3865,0.0462,0.0049,logprobs,,2026-10-03T08:37:13
G020,H020,P010,qwen3.8:27b,rubric_01.v4.1,0,0.0012,0.9986,0.0,0.0,0.0013,logprobs,,2026-10-03T08:37:14
G020,H020,P011,qwen3.8:27b,rubric_01.v4.1,1,0.2897,0.362,0.5267,0.1037,0.0075,logprobs,,2026-10-03T08:37:15
G020,H020,P012,qwen3.8:27b,rubric_01.v4.1,0,0.0677,0.9432,0.0532,0.0013,0.0023,logprobs,,2026-10-03T08:37:16
G020,H020,P013,qwen3.8:27b,rubric_01.v4.1,0,0.0036,0.9944,0.0025,0.0004,0.0028,logprobs,,2026-10-03T08:37:17
G020,H020,P014,qwen3.8:27b,rubric_01.v4.1,0,0.074,0.9208,0.0756,0.0014,0.0023,logprobs,,2026-10-03T08:37:18
G020,H020,P015,qwen3.8:27b,rubric_01.v4.1,0,0.0026,0.9971,0.0001,0.0,0.0028,logprobs,,2026-10-03T08:37:19
G020,H020,P016,qwen3.8:27b,rubric_01.v4.1,0,0.1132,0.8138,0.1603,0.0169,0.009,logprobs,,2026-10-03T08:37:20
G020,H020,P017,qwen3.8:27b,rubric_01.v4.1,0,0.16,0.623,0.3335,0.0398,0.0037,logprobs,,2026-10-03T06:50:35
G020,H020,P018,qwen3.8:27b,rubric_01.v4.1,0,0.1099,0.8062,0.1799,0.0101,0.0037,logprobs,,2026-10-03T08:37:21
G020,H020,P019,qwen3.8:27b,rubric_01.v4.1,0,0.0048,0.9947,0.0001,0.0,0.0052,logprobs,,2026-10-03T08:37:22
G020,H020,P020,qwen3.8:27b,rubric_01.v4.1,0,0.0963,0.8567,0.1314,0.0035,0.0084,logprobs,,2026-10-03T08:37:23
G020,H020,P021,qwen3.8:27b,rubric_01.v4.1,0,0.0186,0.976,0.0058,0.0004,0.0179,logprobs,,2026-10-03T08:37:24
G020,H020,P022,qwen3.8:27b,rubric_01.v4.1,0,0.0687,0.9492,0.0417,0.0034,0.0056,logprobs,,2026-10-03T08:37:25
G020,H020,P023,qwen3.8:27b,rubric_01.v4.1,0,0.0056,0.9936,0.0004,0.0001,0.0059,logprobs,,2026-10-03T08:37:26
G020,H020,P024,qwen3.8:27b,rubric_01.v4.1,0,0.0053,0.9935,0.0012,0.0001,0.0052,logprobs,,2026-10-03T08:37:27
G020,H020,P025,qwen3.8:27b,rubric_01.v4.1,0,0.0015,0.9982,0.0003,0.0,0.0015,logprobs,,2026-10-03T06:50:36
G020,H020,P026,qwen3.8:27b,rubric_01.v4.1,0,0.0011,0.9988,0.0,0.0,0.0012,logprobs,,2026-10-03T08:37:28
G020,H020,P027,qwen3.8:27b,rubric_01.v4.1,0,0.0046,0.9945,0.0009,0.0,0.0046,logprobs,,2026-10-03T08:37:29
G020,H020,P028,qwen3.8:27b,rubric_01.v4.1,0,0.0043,0.9952,0.0002,0.0,0.0046,logprobs,,2026-10-03T08:37:30
G020,H020,P029,qwen3.8:27b,rubric_01.v4.1,0,0.0061,0.99,0.0052,0.0002,0.0046,logprobs,,2026-10-03T08:37:31
G020,H020,P030,qwen3.8:27b,rubric_01.v4.1,0,0.0015,0.9983,0.0002,0.0,0.0015,logprobs,,2026-10-03T08:37:32
G021,H021,P001,qwen3.8:27b,rubric_01.v4.1,0,0.0045,0.9948,0.0005,0.0001,0.0046,logprobs,,2026-10-03T08:37:33
G021,H021,P002,qwen3.8:27b,rubric_01.v4.1,0,0.008,0.991,0.0003,0.0001,0.0086,logprobs,,2026-10-03T08:37:34
G021,H021,P003,qwen3.8:27b,rubric_01.v4.1,0,0.0005,0.9994,0.0,0.0,0.0006,logprobs,,2026-10-03T08:37:35
G021,H021,P004,qwen3.8:27b,rubric_01.v4.1,0,0.0619,0.9606,0.0372,0.0014,0.0007,logprobs,,2026-10-03T08:37:36
G021,H021,P005,qwen3.8:27b,rubric_01.v4.1,0,0.008,0.9912,0.0001,0.0,0.0086,logprobs,,2026-10-03T08:37:37
G021,H021,P006,qwen3.8:27b,rubric_01.v4.1,0,0.0889,0.8815,0.1053,0.0086,0.0046,logprobs,,2026-10-03T08:37:38
G021,H021,P007,qwen3.8:27b,rubric_01.v4.1,0,0.0064,0.9927,0.0005,0.0001,0.0067,logprobs,,2026-10-03T08:37:39
G021,H021,P008,qwen3.8:27b,rubric_01.v4.1,0,0.0074,0.9828,0.014,0.0004,0.0028,logprobs,,2026-10-03T08:37:40
G021,H021,P009,qwen3.8:27b,rubric_01.v4.1,0,0.0806,0.9132,0.075,0.0029,0.009,logprobs,,2026-10-03T08:37:41
G021,H021,P010,qwen3.8:27b,rubric_01.v4.1,0,0.0007,0.9993,0.0,0.0,0.0007,logprobs,,2026-10-03T08:37:42
G021,H021,P011,qwen3.8:27b,rubric_01.v4.1,0,0.16,0.538,0.419,0.039,0.0041,logprobs,,2026-10-03T08:37:43
G021,H021,P012,qwen3.8:27b,rubric_01.v4.1,0,0.0944,0.8586,0.1317,0.004,0.0058,logprobs,,2026-10-03T08:37:44
G021,H021,P013,qwen3.8:27b,rubric_01.v4.1,0,0.0071,0.9895,0.004,0.0005,0.0059,logprobs,,2026-10-03T08:37:45
G021,H021,P014,qwen3.8:27b,rubric_01.v4.1,0,0.1195,0.7681,0.2201,0.0097,0.0022,logprobs,,2026-10-03T08:37:46
G021,H021,P015,qwen3.8:27b,rubric_01.v4.1,0,0.0018,0.9976,0.0006,0.0001,0.0017,logprobs,,2026-10-03T08:37:47
G021,H021,P016,qwen3.8:27b,rubric_01.v4.1,0,0.1332,0.7637,0.1931,0.0336,0.0096,logprobs,,2026-10-03T08:37:48
G021,H021,P017,qwen3.8:27b,rubric_01.v4.1,0,0.16,0.6939,0.2253,0.0731,0.0077,logprobs,,2026-10-03T08:37:49
G021,H021,P018,qwen3.8:27b,rubric_01.v4.1,0,0.16,0.4803,0.4803,0.0307,0.0088,logprobs,,2026-10-03T08:37:50
G021,H021,P019,qwen3.8:27b,rubric_01.v4.1,0,0.0065,0.9913,0.0025,0.0003,0.0059,logprobs,,2026-10-03T08:37:51
G021,H021,P020,qwen3.8:27b,rubric_01.v4.1,0,0.16,0.484,0.4271,0.0742,0.0146,logprobs,,2026-10-03T08:37:52
G021,H021,P021,qwen3.8:27b,rubric_01.v4.1,1,0.3475,0.3144,0.4574,0.1907,0.0375,logprobs,,2026-10-03T08:37:53
G021,H021,P022,qwen3.8:27b,rubric_01.v4.1,1,0.3177,0.3173,0.5232,0.1499,0.0096,logprobs,,2026-10-03T08:37:54
G021,H021,P023,qwen3.8:27b,rubric_01.v4.1,0,0.0028,0.9966,0.0006,0.0,0.0028,logprobs,,2026-10-03T08:37:55
G021,H021,P024,qwen3.8:27b,rubric_01.v4.1,0,0.0779,0.9315,0.0526,0.0026,0.0133,logprobs,,2026-10-03T08:37:56
G021,H021,P025,qwen3.8:27b,rubric_01.v4.1,0,0.0022,0.996,0.0025,0.0002,0.0013,logprobs,,2026-10-03T08:37:57
G021,H021,P026,qwen3.8:27b,rubric_01.v4.1,0,0.0005,0.9995,0.0,0.0,0.0005,logprobs,,2026-10-03T08:37:58
G021,H021,P027,qwen3.8:27b,rubric_01.v4.1,0,0.16,0.5892,0.3574,0.0427,0.0108,logprobs,,2026-10-03T08:37:59
G021,H021,P028,qwen3.8:27b,rubric_01.v4.1,0,0.0034,0.9961,0.0003,0.0,0.0036,logprobs,,2026-10-03T08:38:00
G021,H021,P029,qwen3.8:27b,rubric_01.v4.1,0,0.0624,0.9729,0.0178,0.0027,0.0066,logprobs,,2026-10-03T08:38:01
G021,H021,P030,qwen3.8:27b,rubric_01.v4.1,0,0.0711,0.9341,0.0597,0.0038,0.0023,logprobs,,2026-10-03T08:38:02
G022,H022,P001,qwen3.8:27b,rubric_01.v4.1,0,0.0018,0.998,0.0001,0.0,0.0019,logprobs,,2026-10-03T08:38:03
G022,H022,P002,qwen3.8:27b,rubric_01.v4.1,0,0.0101,0.9847,0.0066,0.0002,0.0085,logprobs,,2026-10-03T08:38:04
G022,H022,P003,qwen3.8:27b,rubric_01.v4.1,0,0.0038,0.9959,0.0,0.0,0.0041,logprobs,,2026-10-03T08:38:05
G022,H022,P004,qwen3.8:27b,rubric_01.v4.1,0,0.0042,0.9946,0.0013,0.0001,0.0041,logprobs,,2026-10-03T08:38:06
G022,H022,P005,qwen3.8:27b,rubric_01.v4.1,0,0.0014,0.9985,0.0,0.0,0.0015,logprobs,,2026-10-03T08:38:07
G022,H022,P006,qwen3.8:27b,rubric_01.v4.1,0,0.0224,0.9692,0.0095,0.0011,0.0201,logprobs,,2026-10-03T08:38:08
G022,H022,P007,qwen3.8:27b,rubric_01.v4.1,0,0.0048,0.9947,0.0,0.0,0.0052,logprobs,,2026-10-03T08:38:09
G022,H022,P008,qwen3.8:27b,rubric_01.v4.1,0,0.0043,0.9953,0.0001,0.0,0.0046,logprobs,,2026-10-03T08:38:10
G022,H022,P009,qwen3.8:27b,rubric_01.v4.1,0,0.0007,0.9993,0.0,0.0,0.0007,logprobs,,2026-10-03T08:38:11
G022,H022,P010,qwen3.8:27b,rubric_01.v4.1,0,0.0016,0.9983,0.0,0.0,0.0017,logprobs,,2026-10-03T08:38:12
G022,H022,P011,qwen3.8:27b,rubric_01.v4.1,0,0.0151,0.9827,0.0013,0.0001,0.0159,logprobs,,2026-10-03T08:38:13
G022,H022,P012,qwen3.8:27b,rubric_01.v4.1,0,0.009,0.9901,0.0002,0.0,0.0097,logprobs,,2026-10-03T08:38:14
G022,H022,P013,qwen3.8:27b,rubric_01.v4.1,0,0.0029,0.9968,0.0,0.0,0.0032,logprobs,,2026-10-03T08:38:15
G022,H022,P014,qwen3.8:27b,rubric_01.v4.1,0,0.1186,0.7702,0.2207,0.0046,0.0046,logprobs,,2026-10-03T08:38:16
G022,H022,P015,qwen3.8:27b,rubric_01.v4.1,0,0.0038,0.9959,0.0001,0.0,0.0041,logprobs,,2026-10-03T08:38:17
G022,H022,P016,qwen3.8:27b,rubric_01.v4.1,0,0.0997,0.8516,0.1306,0.0095,0.0083,logprobs,,2026-10-03T08:38:18
G022,H022,P017,qwen3.8:27b,rubric_01.v4.1,0,0.1415,0.6948,0.2896,0.0127,0.0028,logprobs,,2026-10-03T08:38:19
G022,H022,P018,qwen3.8:27b,rubric_01.v4.1,0,0.1115,0.8054,0.1797,0.007,0.0079,logprobs,,2026-10-03T08:38:20
G022,H022,P019,qwen3.8:27b,rubric_01.v4.1,0,0.0011,0.9988,0.0,0.0,0.0012,logprobs,,2026-10-03T08:38:21
G022,H022,P020,qwen3.8:27b,rubric_01.v4.1,0,0.0034,0.9961,0.0003,0.0,0.0036,logprobs,,2026-10-03T08:38:22
G022,H022,P021,qwen3.8:27b,rubric_01.v4.1,0,0.0055,0.9941,0.0,0.0,0.0059,logprobs,,2026-10-03T08:38:23
G022,H022,P022,qwen3.8:27b,rubric_01.v4.1,0,0.0649,0.9571,0.0371,0.0018,0.0039,logprobs,,2026-10-03T08:38:24
G022,H022,P023,qwen3.8:27b,rubric_01.v4.1,0,0.0033,0.9963,0.0001,0.0,0.0036,logprobs,,2026-10-03T08:38:25
G022,H022,P024,qwen3.8:27b,rubric_01.v4.1,0,0.0152,0.9824,0.0015,0.0002,0.0159,logprobs,,2026-10-03T08:38:26
G022,H022,P025,qwen3.8:27b,rubric_01.v4.1,0,0.0092,0.9897,0.0005,0.0001,0.0097,logprobs,,2026-10-03T08:38:27
G022,H022,P026,qwen3.8:27b,rubric_01.v4.1,0,0.0007,0.9993,0.0,0.0,0.0007,logprobs,,2026-10-03T08:38:28
G022,H022,P027,qwen3.8:27b,rubric_01.v4.1,0,0.0104,0.9883,0.0006,0.0001,0.011,logprobs,,2026-10-03T08:38:29
G022,H022,P028,qwen3.8:27b,rubric_01.v4.1,0,0.0023,0.9974,0.0001,0.0,0.0025,logprobs,,2026-10-03T08:38:30
G022,H022,P029,qwen3.8:27b,rubric_01.v4.1,0,0.0043,0.9953,0.0,0.0,0.0046,logprobs,,2026-10-03T08:38:31
G022,H022,P030,qwen3.8:27b,rubric_01.v4.1,0,0.1113,0.8265,0.1436,0.0194,0.0104,logprobs,,2026-10-03T08:38:32
G023,H023,P001,qwen3.8:27b,rubric_01.v4.1,0,0.0014,0.9985,0.0,0.0,0.0015,logprobs,,2026-10-03T08:38:33
G023,H023,P002,qwen3.8:27b,rubric_01.v4.1,0,0.0012,0.9987,0.0,0.0,0.0013,logprobs,,2026-10-03T08:38:34
G023,H023,P003,qwen3.8:27b,rubric_01.v4.1,0,0.0007,0.9993,0.0,0.0,0.0007,logprobs,,2026-10-03T08:38:35
G023,H023,P004,qwen3.8:27b,rubric_01.v4.1,0,0.0044,0.9951,0.0003,0.0,0.0046,logprobs,,2026-10-03T08:38:36
G023,H023,P005,qwen3.8:27b,rubric_01.v4.1,0,0.0033,0.9964,0.0,0.0,0.0036,logprobs,,2026-10-03T06:50:38
G023,H023,P006,qwen3.8:27b,rubric_01.v4.1,0,0.0033,0.9964,0.0,0.0,0.0036,logprobs,,2026-10-03T08:38:37
G023,H023,P007,qwen3.8:27b,rubric_01.v4.1,0,0.0007,0.9992,0.0,0.0,0.0008,logprobs,,2026-10-03T08:38:38
G023,H023,P008,qwen3.8:27b,rubric_01.v4.1,0,0.0007,0.9993,0.0,0.0,0.0007,logprobs,,2026-10-03T08:38:39
G023,H023,P009,qwen3.8:27b,rubric_01.v4.1,0,0.0029,0.9968,0.0,0.0,0.0032,logprobs,,2026-10-03T08:38:40
G023,H023,P010,qwen3.8:27b,rubric_01.v4.1,0,0.0011,0.9988,0.0,0.0,0.0012,logprobs,,2026-10-03T08:38:41
G023,H023,P011,qwen3.8:27b,rubric_01.v4.1,0,0.002,0.9978,0.0,0.0,0.0022,logprobs,,2026-10-03T08:38:42
G023,H023,P012,qwen3.8:27b,rubric_01.v4.1,0,0.0033,0.9964,0.0,0.0,0.0036,logprobs,,2026-10-03T08:38:43
G023,H023,P013,qwen3.8:27b,rubric_01.v4.1,0,0.0008,0.9992,0.0,0.0,0.0008,logprobs,,2026-10-03T06:50:40
G023,H023,P014,qwen3.8:27b,rubric_01.v4.1,0,0.0018,0.998,0.0,0.0,0.0019,logprobs,,2026-10-03T08:38:44
G023,H023,P015,qwen3.8:27b,rubric_01.v4.1,0,0.0018,0.998,0.0,0.0,0.0019,logprobs,,2026-10-03T08:38:45
G023,H023,P016,qwen3.8:27b,rubric_01.v4.1,0,0.0012,0.9987,0.0,0.0,0.0013,logprobs,,2026-10-03T06:50:39
G023,H023,P017,qwen3.8:27b,rubric_01.v4.1,0,0.0107,0.9834,0.0075,0.0005,0.0085,logprobs,,2026-10-03T08:38:46
G023,H023,P018,qwen3.8:27b,rubric_01.v4.1,0,0.0043,0.9953,0.0,0.0,0.0046,logprobs,,2026-10-03T08:38:47
G023,H023,P019,qwen3.8:27b,rubric_01.v4.1,0,0.0026,0.9972,0.0,0.0,0.0028,logprobs,,2026-10-03T08:38:48
G023,H023,P020,qwen3.8:27b,rubric_01.v4.1,0,0.0026,0.9972,0.0,0.0,0.0028,logprobs,,2026-10-03T08:38:49
G023,H023,P021,qwen3.8:27b,rubric_01.v4.1,0,0.0029,0.9968,0.0,0.0,0.0032,logprobs,,2026-10-03T08:38:50
G023,H023,P022,qwen3.8:27b,rubric_01.v4.1,0,0.0033,0.9964,0.0,0.0,0.0036,logprobs,,2026-10-03T08:38:51
G023,H023,P023,qwen3.8:27b,rubric_01.v4.1,0,0.0006,0.9994,0.0,0.0,0.0006,logprobs,,2026-10-03T08:38:52
G023,H023,P024,qwen3.8:27b,rubric_01.v4.1,0,0.0018,0.998,0.0,0.0,0.0019,logprobs,,2026-10-03T08:38:53
G023,H023,P025,qwen3.8:27b,rubric_01.v4.1,0,0.0016,0.9983,0.0,0.0,0.0017,logprobs,,2026-10-03T08:38:54
G023,H023,P026,qwen3.8:27b,rubric_01.v4.1,0,0.0001,0.9999,0.0,0.0,0.0001,logprobs,,2026-10-03T08:38:55
G023,H023,P027,qwen3.8:27b,rubric_01.v4.1,0,0.0048,0.9947,0.0,0.0,0.0052,logprobs,,2026-10-03T08:38:56
G023,H023,P028,qwen3.8:27b,rubric_01.v4.1,0,0.0012,0.9987,0.0,0.0,0.0013,logprobs,,2026-10-03T08:38:57
G023,H023,P029,qwen3.8:27b,rubric_01.v4.1,0,0.0029,0.9968,0.0,0.0,0.0032,logprobs,,2026-10-03T08:38:58
G023,H023,P030,qwen3.8:27b,rubric_01.v4.1,0,0.0052,0.9939,0.0007,0.0002,0.0052,logprobs,,2026-10-03T08:38:59
G024,H024,P001,qwen3.8:27b,rubric_01.v4.1,0,0.0762,0.9281,0.0593,0.0055,0.0071,logprobs,,2026-10-03T08:39:00
G024,H024,P002,qwen3.8:27b,rubric_01.v4.1,0,0.0032,0.9954,0.0017,0.0001,0.0028,logprobs,,2026-10-03T08:39:01
G024,H024,P003,qwen3.8:27b,rubric_01.v4.1,0,0.0014,0.9984,0.0001,0.0,0.0015,logprobs,,2026-10-03T08:39:02
G024,H024,P004,qwen3.8:27b,rubric_01.v4.1,0,0.0029,0.9968,0.0,0.0,0.0032,logprobs,,2026-10-03T08:39:03
G024,H024,P005,qwen3.8:27b,rubric_01.v4.1,0,0.0065,0.9911,0.0028,0.0002,0.0059,logprobs,,2026-10-03T08:39:04
G024,H024,P006,qwen3.8:27b,rubric_01.v4.1,0,0.1304,0.7551,0.2164,0.0201,0.0084,logprobs,,2026-10-03T08:39:05
G024,H024,P007,qwen3.8:27b,rubric_01.v4.1,0,0.0049,0.9926,0.0032,0.0002,0.0041,logprobs,,2026-10-03T08:39:06
G024,H024,P008,qwen3.8:27b,rubric_01.v4.1,0,0.16,0.6633,0.2765,0.0544,0.0057,logprobs,,2026-10-03T08:39:07
G024,H024,P009,qwen3.8:27b,rubric_01.v4.1,0,0.0601,0.9796,0.0123,0.0015,0.0066,logprobs,,2026-10-03T08:39:08
G024,H024,P010,qwen3.8:27b,rubric_01.v4.1,0,0.0038,0.9959,0.0,0.0,0.0041,logprobs,,2026-10-03T08:39:09
G024,H024,P011,qwen3.8:27b,rubric_01.v4.1,0,0.16,0.4222,0.4222,0.121,0.0347,logprobs,,2026-10-03T08:39:10
G024,H024,P012,qwen3.8:27b,rubric_01.v4.1,0,0.1225,0.7637,0.2188,0.0158,0.0017,logprobs,,2026-10-03T08:39:11
G024,H024,P013,qwen3.8:27b,rubric_01.v4.1,0,0.0619,0.9663,0.0292,0.0005,0.0039,logprobs,,2026-10-03T08:39:12
G024,H024,P014,qwen3.8:27b,rubric_01.v4.1,0,0.1327,0.7661,0.1937,0.0262,0.014,logprobs,,2026-10-03T08:39:13
G024,H024,P015,qwen3.8:27b,rubric_01.v4.1,0,0.0083,0.9902,0.0012,0.0001,0.0086,logprobs,,2026-10-03T08:39:14
G024,H024,P016,qwen3.8:27b,rubric_01.v4.1,1,0.2645,0.4301,0.4873,0.066,0.0167,logprobs,,2026-10-03T08:39:15
G024,H024,P017,qwen3.8:27b,rubric_01.v4.1,0,0.099,0.8512,0.1305,0.0138,0.0045,logprobs,,2026-10-03T08:39:16
G024,H024,P018,qwen3.8:27b,rubric_01.v4.1,0,0.0852,0.8942,0.0943,0.0047,0.0068,logprobs,,2026-10-03T08:39:17
G024,H024,P019,qwen3.8:27b,rubric_01.v4.1,0,0.1082,0.8194,0.1613,0.015,0.0043,logprobs,,2026-10-03T08:39:18
G024,H024,P020,qwen3.8:27b,rubric_01.v4.1,1,0.4028,0.1861,0.6494,0.1449,0.0196,logprobs,,2026-10-03T08:39:19
G024,H024,P021,qwen3.8:27b,rubric_01.v4.1,1,0.3179,0.3816,0.4324,0.1404,0.0456,logprobs,,2026-10-03T08:39:20
G024,H024,P022,qwen3.8:27b,rubric_01.v4.1,0,0.16,0.6884,0.2533,0.044,0.0143,logprobs,,2026-10-03T08:39:21
G024,H024,P023,qwen3.8:27b,rubric_01.v4.1,0,0.0019,0.9978,0.0003,0.0001,0.0019,logprobs,,2026-10-03T08:39:22
G024,H024,P024,qwen3.8:27b,rubric_01.v4.1,0,0.0043,0.9953,0.0,0.0,0.0046,logprobs,,2026-10-03T08:39:23
G024,H024,P025,qwen3.8:27b,rubric_01.v4.1,0,0.16,0.6783,0.2202,0.0918,0.0097,logprobs,,2026-10-03T08:39:24
G024,H024,P026,qwen3.8:27b,rubric_01.v4.1,0,0.002,0.9977,0.0001,0.0,0.0022,logprobs,,2026-10-03T08:39:25
G024,H024,P027,qwen3.8:27b,rubric_01.v4.1,0,0.16,0.5866,0.3558,0.0481,0.0095,logprobs,,2026-10-03T08:39:26
G024,H024,P028,qwen3.8:27b,rubric_01.v4.1,0,0.16,0.6976,0.2265,0.0573,0.0186,logprobs,,2026-10-03T08:39:27
G024,H024,P029,qwen3.8:27b,rubric_01.v4.1,0,0.0824,0.9191,0.0588,0.0131,0.009,logprobs,,2026-10-03T08:39:28
G024,H024,P030,qwen3.8:27b,rubric_01.v4.1,0,0.0648,0.9625,0.0291,0.0027,0.0057,logprobs,,2026-10-03T08:39:29
G025,H025,P001,qwen3.8:27b,rubric_01.v4.1,0,0.003,0.9966,0.0002,0.0,0.0032,logprobs,,2026-10-03T08:39:30
G025,H025,P002,qwen3.8:27b,rubric_01.v4.1,0,0.0026,0.9972,0.0,0.0,0.0028,logprobs,,2026-10-03T08:39:31
G025,H025,P003,qwen3.8:27b,rubric_01.v4.1,0,0.0012,0.9987,0.0,0.0,0.0013,logprobs,,2026-10-03T08:39:32
G025,H025,P004,qwen3.8:27b,rubric_01.v4.1,0,0.0001,0.9998,0.0,0.0,0.0001,logprobs,,2026-10-03T08:39:33
G025,H025,P005,qwen3.8:27b,rubric_01.v4.1,0,0.0055,0.9939,0.0001,0.0,0.0059,logprobs,,2026-10-03T08:39:34
G025,H025,P006,qwen3.8:27b,rubric_01.v4.1,1,0.253,0.4173,0.5359,0.044,0.0028,logprobs,,2026-10-03T08:39:35
G025,H025,P007,qwen3.8:27b,rubric_01.v4.1,0,0.0055,0.994,0.0001,0.0,0.0059,logprobs,,2026-10-03T08:39:36
G025,H025,P008,qwen3.8:27b,rubric_01.v4.1,0,0.0534,0.9932,0.0041,0.0002,0.0025,logprobs,,2026-10-03T08:39:37
G025,H025,P009,qwen3.8:27b,rubric_01.v4.1,0,0.0044,0.9948,0.0006,0.0,0.0046,logprobs,,2026-10-03T08:39:38
G025,H025,P010,qwen3.8:27b,rubric_01.v4.1,0,0.0016,0.9983,0.0,0.0,0.0017,logprobs,,2026-10-03T08:39:39
G025,H025,P011,qwen3.8:27b,rubric_01.v4.1,1,0.3844,0.2279,0.6194,0.1382,0.0146,logprobs,,2026-10-03T08:39:40
G025,H025,P012,qwen3.8:27b,rubric_01.v4.1,0,0.16,0.5765,0.3497,0.0689,0.005,logprobs,,2026-10-03T08:39:41
G025,H025,P013,qwen3.8:27b,rubric_01.v4.1,0,0.1129,0.8025,0.1791,0.013,0.0054,logprobs,,2026-10-03T08:39:42
G025,H025,P014,qwen3.8:27b,rubric_01.v4.1,0,0.1487,0.6685,0.3158,0.0139,0.0019,logprobs,,2026-10-03T08:39:43
G025,H025,P015,qwen3.8:27b,rubric_01.v4.1,0,0.0018,0.998,0.0001,0.0,0.0019,logprobs,,2026-10-03T08:39:44
G025,H025,P016,qwen3.8:27b,rubric_01.v4.1,1,0.3057,0.3282,0.5411,0.1207,0.0099,logprobs,,2026-10-03T08:39:45
G025,H025,P017,qwen3.8:27b,rubric_01.v4.1,0,0.1269,0.7449,0.2418,0.0094,0.0039,logprobs,,2026-10-03T08:39:46
G025,H025,P018,qwen3.8:27b,rubric_01.v4.1,0,0.16,0.5664,0.3893,0.0362,0.0081,logprobs,,2026-10-03T08:39:47
G025,H025,P019,qwen3.8:27b,rubric_01.v4.1,0,0.0775,0.9099,0.0846,0.0037,0.0018,logprobs,,2026-10-03T08:39:48
G025,H025,P020,qwen3.8:27b,rubric_01.v4.1,1,0.4895,0.1187,0.5321,0.3227,0.0265,logprobs,,2026-10-03T08:39:49
G025,H025,P021,qwen3.8:27b,rubric_01.v4.1,1,0.3196,0.3385,0.4926,0.1411,0.0278,logprobs,,2026-10-03T08:39:50
G025,H025,P022,qwen3.8:27b,rubric_01.v4.1,0,0.1238,0.7889,0.176,0.0238,0.0113,logprobs,,2026-10-03T08:39:51
G025,H025,P023,qwen3.8:27b,rubric_01.v4.1,0,0.0035,0.9958,0.0006,0.0,0.0036,logprobs,,2026-10-03T08:39:52
G025,H025,P024,qwen3.8:27b,rubric_01.v4.1,0,0.0026,0.9972,0.0,0.0,0.0028,logprobs,,2026-10-03T08:39:53
G025,H025,P025,qwen3.8:27b,rubric_01.v4.1,0,0.0706,0.93,0.0674,0.002,0.0006,logprobs,,2026-10-03T08:39:54
G025,H025,P026,qwen3.8:27b,rubric_01.v4.1,0,0.0011,0.9988,0.0,0.0,0.0012,logprobs,,2026-10-03T08:39:55
G025,H025,P027,qwen3.8:27b,rubric_01.v4.1,0,0.1588,0.6391,0.3421,0.0133,0.0055,logprobs,,2026-10-03T08:39:56
G025,H025,P028,qwen3.8:27b,rubric_01.v4.1,0,0.0843,0.9386,0.0321,0.001,0.0283,logprobs,,2026-10-03T08:39:57
G025,H025,P029,qwen3.8:27b,rubric_01.v4.1,0,0.1368,0.7166,0.2636,0.0169,0.0029,logprobs,,2026-10-03T08:39:58
G025,H025,P030,qwen3.8:27b,rubric_01.v4.1,0,0.0528,0.9955,0.0019,0.0002,0.0025,logprobs,,2026-10-03T08:39:59
G026,H026,P001,qwen3.8:27b,rubric_01.v4.1,1,0.454,0.0597,0.7275,0.2084,0.0043,logprobs,,2026-10-03T08:40:00
G026,H026,P002,qwen3.8:27b,rubric_01.v4.1,0,0.0841,0.9022,0.0839,0.0061,0.0078,logprobs,,2026-10-03T08:40:01
G026,H026,P003,qwen3.8:27b,rubric_01.v4.1,1,0.2571,0.3928,0.5715,0.0285,0.0072,logprobs,,2026-10-03T08:40:02
G026,H026,P004,qwen3.8:27b,rubric_01.v4.1,0,0.0008,0.9991,0.0001,0.0,0.0008,logprobs,,2026-10-03T08:40:03
G026,H026,P005,qwen3.8:27b,rubric_01.v4.1,0,0.1033,0.8266,0.1628,0.0063,0.0043,logprobs,,2026-10-03T08:40:04
G026,H026,P006,qwen3.8:27b,rubric_01.v4.1,0,0.16,0.5997,0.3638,0.0299,0.0067,logprobs,,2026-10-03T08:40:05
G026,H026,P007,qwen3.8:27b,rubric_01.v4.1,1,0.49,0.1138,0.5102,0.3506,0.0254,logprobs,,2026-10-03T08:40:06
G026,H026,P008,qwen3.8:27b,rubric_01.v4.1,1,0.2922,0.3586,0.5218,0.1164,0.0031,logprobs,,2026-10-03T08:40:07
G026,H026,P009,qwen3.8:27b,rubric_01.v4.1,0,0.0064,0.9926,0.0007,0.0,0.0067,logprobs,,2026-10-03T08:40:08
G026,H026,P010,qwen3.8:27b,rubric_01.v4.1,0,0.008,0.9879,0.0052,0.0003,0.0067,logprobs,,2026-10-03T08:40:09
G026,H026,P011,qwen3.8:27b,rubric_01.v4.1,0,0.0681,0.9534,0.037,0.0024,0.0073,logprobs,,2026-10-03T08:40:10
G026,H026,P012,qwen3.8:27b,rubric_01.v4.1,0,0.0591,0.9773,0.0179,0.0003,0.0045,logprobs,,2026-10-03T08:40:11
G026,H026,P013,qwen3.8:27b,rubric_01.v4.1,0,0.1537,0.696,0.256,0.0393,0.0088,logprobs,,2026-10-03T08:40:12
G026,H026,P014,qwen3.8:27b,rubric_01.v4.1,0,0.16,0.5962,0.3616,0.0336,0.0085,logprobs,,2026-10-03T08:40:13
G026,H026,P015,qwen3.8:27b,rubric_01.v4.1,1,0.49,0.225,0.3273,0.3273,0.1204,logprobs,,2026-10-03T08:40:14
G026,H026,P016,qwen3.8:27b,rubric_01.v4.1,0,0.16,0.5813,0.3526,0.0541,0.0121,logprobs,,2026-10-03T08:40:15
G026,H026,P017,qwen3.8:27b,rubric_01.v4.1,0,0.133,0.7853,0.1546,0.0502,0.0099,logprobs,,2026-10-03T08:40:16
G026,H026,P018,qwen3.8:27b,rubric_01.v4.1,0,0.16,0.5291,0.412,0.0492,0.0097,logprobs,,2026-10-03T08:40:17
G026,H026,P019,qwen3.8:27b,rubric_01.v4.1,0,0.0069,0.9912,0.0019,0.0002,0.0067,logprobs,,2026-10-03T08:40:18
G026,H026,P020,qwen3.8:27b,rubric_01.v4.1,0,0.1563,0.66,0.3117,0.0226,0.0057,logprobs,,2026-10-03T08:40:19
G026,H026,P021,qwen3.8:27b,rubric_01.v4.1,0,0.0091,0.9898,0.0004,0.0001,0.0097,logprobs,,2026-10-03T08:40:20
G026,H026,P022,qwen3.8:27b,rubric_01.v4.1,0,0.057,0.9843,0.0109,0.0007,0.004,logprobs,,2026-10-03T08:40:21
G026,H026,P023,qwen3.8:27b,rubric_01.v4.1,2,0.5539,0.1334,0.32,0.4656,0.0809,logprobs,,2026-10-03T08:40:22
G026,H026,P024,qwen3.8:27b,rubric_01.v4.1,1,0.4289,0.2533,0.4733,0.2235,0.0499,logprobs,,2026-10-03T08:40:23
G026,H026,P025,qwen3.8:27b,rubric_01.v4.1,0,0.0036,0.9957,0.0006,0.0001,0.0036,logprobs,,2026-10-03T08:40:24
G026,H026,P026,qwen3.8:27b,rubric_01.v4.1,0,0.16,0.5992,0.3635,0.0263,0.011,logprobs,,2026-10-03T08:40:25
G026,H026,P027,qwen3.8:27b,rubric_01.v4.1,0,0.16,0.5661,0.3891,0.041,0.0038,logprobs,,2026-10-03T08:40:26
G026,H026,P028,qwen3.8:27b,rubric_01.v4.1,0,0.16,0.5804,0.352,0.054,0.0136,logprobs,,2026-10-03T08:40:27
G026,H026,P029,qwen3.8:27b,rubric_01.v4.1,0,0.0732,0.9274,0.0672,0.0011,0.0043,logprobs,,2026-10-03T08:40:28
G026,H026,P030,qwen3.8:27b,rubric_01.v4.1,0,0.0851,0.8996,0.0837,0.0113,0.0053,logprobs,,2026-10-03T08:40:29
G027,H027,P001,qwen3.8:27b,rubric_01.v4.1,0,0.0046,0.9944,0.0008,0.0002,0.0046,logprobs,,2026-10-03T08:40:30
G027,H027,P002,qwen3.8:27b,rubric_01.v4.1,0,0.129,0.7432,0.2413,0.0083,0.0073,logprobs,,2026-10-03T08:40:31
G027,H027,P003,qwen3.8:27b,rubric_01.v4.1,0,0.0006,0.9994,0.0,0.0,0.0006,logprobs,,2026-10-03T08:40:32
G027,H027,P004,qwen3.8:27b,rubric_01.v4.1,0,0.1551,0.6778,0.2826,0.0337,0.0059,logprobs,,2026-10-03T08:40:33
G027,H027,P005,qwen3.8:27b,rubric_01.v4.1,0,0.0732,0.9217,0.0757,0.0011,0.0016,logprobs,,2026-10-03T08:40:34
G027,H027,P006,qwen3.8:27b,rubric_01.v4.1,0,0.0684,0.9425,0.0532,0.001,0.0034,logprobs,,2026-10-03T08:40:35
G027,H027,P007,qwen3.8:27b,rubric_01.v4.1,0,0.0011,0.9987,0.0001,0.0,0.0012,logprobs,,2026-10-03T08:40:36
G027,H027,P008,qwen3.8:27b,rubric_01.v4.1,0,0.0023,0.9973,0.0002,0.0,0.0025,logprobs,,2026-10-03T08:40:37
G027,H027,P009,qwen3.8:27b,rubric_01.v4.1,0,0.1075,0.809,0.1805,0.009,0.0016,logprobs,,2026-10-03T08:40:38
G027,H027,P010,qwen3.8:27b,rubric_01.v4.1,0,0.0016,0.9982,0.0,0.0,0.0017,logprobs,,2026-10-03T08:40:39
G027,H027,P011,qwen3.8:27b,rubric_01.v4.1,0,0.16,0.5624,0.3865,0.0407,0.0103,logprobs,,2026-10-03T08:40:40
G027,H027,P012,qwen3.8:27b,rubric_01.v4.1,0,0.1001,0.8407,0.1461,0.0093,0.0039,logprobs,,2026-10-03T08:40:41
G027,H027,P013,qwen3.8:27b,rubric_01.v4.1,0,0.0066,0.9923,0.0008,0.0003,0.0067,logprobs,,2026-10-03T08:40:42
G027,H027,P014,qwen3.8:27b,rubric_01.v4.1,0,0.0624,0.9631,0.033,0.0009,0.0031,logprobs,,2026-10-03T08:40:43
G027,H027,P015,qwen3.8:27b,rubric_01.v4.1,0,0.0002,0.9997,0.0,0.0,0.0002,logprobs,,2026-10-03T08:40:44
G027,H027,P016,qwen3.8:27b,rubric_01.v4.1,0,0.0608,0.9717,0.0229,0.0015,0.004,logprobs,,2026-10-03T08:40:45
G027,H027,P017,qwen3.8:27b,rubric_01.v4.1,0,0.1206,0.7798,0.1972,0.0183,0.0046,logprobs,,2026-10-03T08:40:46
G027,H027,P018,qwen3.8:27b,rubric_01.v4.1,0,0.0924,0.8609,0.132,0.0031,0.004,logprobs,,2026-10-03T08:40:47
G027,H027,P019,qwen3.8:27b,rubric_01.v4.1,0,0.0016,0.9982,0.0,0.0,0.0017,logprobs,,2026-10-03T08:40:48
G027,H027,P020,qwen3.8:27b,rubric_01.v4.1,0,0.0765,0.9239,0.0669,0.0012,0.008,logprobs,,2026-10-03T08:40:49
G027,H027,P021,qwen3.8:27b,rubric_01.v4.1,0,0.0171,0.9765,0.0075,0.0002,0.0158,logprobs,,2026-10-03T08:40:50
G027,H027,P022,qwen3.8:27b,rubric_01.v4.1,0,0.0676,0.9696,0.0138,0.0027,0.0138,logprobs,,2026-10-03T08:40:51
G027,H027,P023,qwen3.8:27b,rubric_01.v4.1,0,0.0008,0.999,0.0002,0.0,0.0008,logprobs,,2026-10-03T08:40:52
G027,H027,P024,qwen3.8:27b,rubric_01.v4.1,0,0.0553,0.9898,0.0059,0.0003,0.004,logprobs,,2026-10-03T08:40:53
G027,H027,P025,qwen3.8:27b,rubric_01.v4.1,0,0.0039,0.9955,0.0004,0.0001,0.0041,logprobs,,2026-10-03T08:40:54
G027,H027,P026,qwen3.8:27b,rubric_01.v4.1,0,0.0009,0.9991,0.0,0.0,0.0009,logprobs,,2026-10-03T08:40:55
G027,H027,P027,qwen3.8:27b,rubric_01.v4.1,0,0.0041,0.9942,0.0022,0.0001,0.0036,logprobs,,2026-10-03T08:40:56
G027,H027,P028,qwen3.8:27b,rubric_01.v4.1,0,0.0023,0.9974,0.0001,0.0,0.0025,logprobs,,2026-10-03T08:40:57
G027,H027,P029,qwen3.8:27b,rubric_01.v4.1,0,0.0087,0.9892,0.0022,0.0001,0.0086,logprobs,,2026-10-03T08:40:58
G027,H027,P030,qwen3.8:27b,rubric_01.v4.1,0,0.0625,0.9629,0.0329,0.0014,0.0027,logprobs,,2026-10-03T08:40:59
G028,H028,P001,qwen3.8:27b,rubric_01.v4.1,0,0.101,0.8289,0.1632,0.0063,0.0016,logprobs,,2026-10-03T08:41:00
G028,H028,P002,qwen3.8:27b,rubric_01.v4.1,0,0.0043,0.9952,0.0001,0.0,0.0046,logprobs,,2026-10-03T08:41:01
G028,H028,P003,qwen3.8:27b,rubric_01.v4.1,0,0.001,0.9989,0.0,0.0,0.001,logprobs,,2026-10-03T08:41:02
G028,H028,P004,qwen3.8:27b,rubric_01.v4.1,0,0.0004,0.9996,0.0,0.0,0.0004,logprobs,,2026-10-03T08:41:03
G028,H028,P005,qwen3.8:27b,rubric_01.v4.1,0,0.0579,0.9834,0.0109,0.0005,0.0052,logprobs,,2026-10-03T08:41:04
G028,H028,P006,qwen3.8:27b,rubric_01.v4.1,0,0.1297,0.7672,0.194,0.0337,0.0052,logprobs,,2026-10-03T08:41:05
G028,H028,P007,qwen3.8:27b,rubric_01.v4.1,0,0.063,0.9692,0.0228,0.0015,0.0065,logprobs,,2026-10-03T08:41:06
G028,H028,P008,qwen3.8:27b,rubric_01.v4.1,0,0.1395,0.7136,0.2625,0.019,0.0048,logprobs,,2026-10-03T08:41:07
G028,H028,P009,qwen3.8:27b,rubric_01.v4.1,0,0.0629,0.967,0.0258,0.0021,0.0051,logprobs,,2026-10-03T08:41:08
G028,H028,P010,qwen3.8:27b,rubric_01.v4.1,0,0.0012,0.9987,0.0,0.0,0.0013,logprobs,,2026-10-03T08:41:09
G028,H028,P011,qwen3.8:27b,rubric_01.v4.1,1,0.2979,0.3554,0.5171,0.1154,0.0122,logprobs,,2026-10-03T08:41:10
G028,H028,P012,qwen3.8:27b,rubric_01.v4.1,0,0.16,0.4944,0.4363,0.0669,0.0023,logprobs,,2026-10-03T08:41:11
G028,H028,P013,qwen3.8:27b,rubric_01.v4.1,0,0.0561,0.9854,0.0109,0.0005,0.0031,logprobs,,2026-10-03T08:41:12
G028,H028,P014,qwen3.8:27b,rubric_01.v4.1,0,0.1479,0.6867,0.2862,0.0235,0.0036,logprobs,,2026-10-03T08:41:13
G028,H028,P015,qwen3.8:27b,rubric_01.v4.1,0,0.0038,0.9957,0.0002,0.0,0.0041,logprobs,,2026-10-03T08:41:14
G028,H028,P016,qwen3.8:27b,rubric_01.v4.1,1,0.3088,0.3078,0.575,0.0999,0.0174,logprobs,,2026-10-03T08:41:15
G028,H028,P017,qwen3.8:27b,rubric_01.v4.1,0,0.0707,0.9298,0.0674,0.0023,0.0005,logprobs,,2026-10-03T08:41:16
G028,H028,P018,qwen3.8:27b,rubric_01.v4.1,0,0.16,0.5242,0.4082,0.0552,0.0123,logprobs,,2026-10-03T08:41:17
G028,H028,P019,qwen3.8:27b,rubric_01.v4.1,0,0.16,0.6337,0.3392,0.0246,0.0026,logprobs,,2026-10-03T08:41:18
G028,H028,P020,qwen3.8:27b,rubric_01.v4.1,1,0.2945,0.3784,0.4858,0.1228,0.0129,logprobs,,2026-10-03T08:41:19
G028,H028,P021,qwen3.8:27b,rubric_01.v4.1,0,0.16,0.565,0.3427,0.0675,0.0248,logprobs,,2026-10-03T08:41:20
G028,H028,P022,qwen3.8:27b,rubric_01.v4.1,0,0.1306,0.7395,0.2401,0.0174,0.003,logprobs,,2026-10-03T08:41:21
G028,H028,P023,qwen3.8:27b,rubric_01.v4.1,0,0.0012,0.9986,0.0002,0.0,0.0012,logprobs,,2026-10-03T08:41:22
G028,H028,P024,qwen3.8:27b,rubric_01.v4.1,0,0.0048,0.9947,0.0001,0.0,0.0052,logprobs,,2026-10-03T08:41:23
G028,H028,P025,qwen3.8:27b,rubric_01.v4.1,0,0.16,0.67,0.2793,0.0485,0.0021,logprobs,,2026-10-03T08:41:24
G028,H028,P026,qwen3.8:27b,rubric_01.v4.1,0,0.0011,0.9987,0.0001,0.0,0.0012,logprobs,,2026-10-03T08:41:25
G028,H028,P027,qwen3.8:27b,rubric_01.v4.1,1,0.331,0.2701,0.5718,0.1446,0.0134,logprobs,,2026-10-03T08:41:26
G028,H028,P028,qwen3.8:27b,rubric_01.v4.1,0,0.1265,0.7599,0.2177,0.0158,0.0066,logprobs,,2026-10-03T08:41:27
G028,H028,P029,qwen3.8:27b,rubric_01.v4.1,0,0.1017,0.8474,0.13,0.0176,0.005,logprobs,,2026-10-03T08:41:28
G028,H028,P030,qwen3.8:27b,rubric_01.v4.1,0,0.0796,0.907,0.0844,0.0061,0.0025,logprobs,,2026-10-03T08:41:29
G029,H029,P001,qwen3.8:27b,rubric_01.v4.1,0,0.16,0.6305,0.3375,0.0277,0.0042,logprobs,,2026-10-03T08:41:30
G029,H029,P002,qwen3.8:27b,rubric_01.v4.1,0,0.0081,0.9909,0.0005,0.0001,0.0086,logprobs,,2026-10-03T08:41:31
G029,H029,P003,qwen3.8:27b,rubric_01.v4.1,0,0.0034,0.9961,0.0003,0.0001,0.0036,logprobs,,2026-10-03T08:41:32
G029,H029,P004,qwen3.8:27b,rubric_01.v4.1,0,0.0012,0.9986,0.0,0.0,0.0013,logprobs,,2026-10-03T08:41:33
G029,H029,P005,qwen3.8:27b,rubric_01.v4.1,0,0.0537,0.9921,0.0052,0.0002,0.0025,logprobs,,2026-10-03T08:41:34
G029,H029,P006,qwen3.8:27b,rubric_01.v4.1,0,0.0549,0.9877,0.0097,0.0004,0.0022,logprobs,,2026-10-03T08:41:35
G029,H029,P007,qwen3.8:27b,rubric_01.v4.1,0,0.1079,0.8205,0.1616,0.0117,0.0063,logprobs,,2026-10-03T08:41:36
G029,H029,P008,qwen3.8:27b,rubric_01.v4.1,0,0.0077,0.9886,0.0046,0.0001,0.0067,logprobs,,2026-10-03T08:41:37
G029,H029,P009,qwen3.8:27b,rubric_01.v4.1,2,0.801,0.0202,0.0332,0.5892,0.3574,logprobs,,2026-10-03T08:41:38
G029,H029,P010,qwen3.8:27b,rubric_01.v4.1,0,0.0049,0.992,0.0041,0.0004,0.0036,logprobs,,2026-10-03T08:41:39
G029,H029,P011,qwen3.8:27b,rubric_01.v4.1,0,0.1377,0.7162,0.2635,0.0149,0.0055,logprobs,,2026-10-03T08:41:40
G029,H029,P012,qwen3.8:27b,rubric_01.v4.1,0,0.0556,0.9838,0.014,0.0007,0.0015,logprobs,,2026-10-03T08:41:41
G029,H029,P013,qwen3.8:27b,rubric_01.v4.1,0,0.018,0.9742,0.0096,0.0005,0.0157,logprobs,,2026-10-03T08:41:42
G029,H029,P014,qwen3.8:27b,rubric_01.v4.1,0,0.0184,0.9697,0.0157,0.0008,0.0138,logprobs,,2026-10-03T08:41:43
G029,H029,P015,qwen3.8:27b,rubric_01.v4.1,0,0.11,0.8289,0.144,0.0152,0.0118,logprobs,,2026-10-03T08:41:44
G029,H029,P016,qwen3.8:27b,rubric_01.v4.1,0,0.0637,0.9702,0.0201,0.0013,0.0084,logprobs,,2026-10-03T08:41:45
G029,H029,P017,qwen3.8:27b,rubric_01.v4.1,0,0.0165,0.963,0.0291,0.0014,0.0065,logprobs,,2026-10-03T08:41:46
G029,H029,P018,qwen3.8:27b,rubric_01.v4.1,0,0.0178,0.9659,0.0227,0.0007,0.0107,logprobs,,2026-10-03T08:41:47
G029,H029,P019,qwen3.8:27b,rubric_01.v4.1,0,0.003,0.9965,0.0003,0.0,0.0032,logprobs,,2026-10-03T08:41:48
G029,H029,P020,qwen3.8:27b,rubric_01.v4.1,0,0.1457,0.706,0.2597,0.0274,0.0069,logprobs,,2026-10-03T08:41:49
G029,H029,P021,qwen3.8:27b,rubric_01.v4.1,0,0.16,0.5844,0.3128,0.0698,0.033,logprobs,,2026-10-03T08:41:50
G029,H029,P022,qwen3.8:27b,rubric_01.v4.1,0,0.0643,0.961,0.0329,0.0011,0.005,logprobs,,2026-10-03T08:41:51
G029,H029,P023,qwen3.8:27b,rubric_01.v4.1,0,0.086,0.893,0.0941,0.006,0.0068,logprobs,,2026-10-03T08:41:52
G029,H029,P024,qwen3.8:27b,rubric_01.v4.1,0,0.0135,0.9846,0.001,0.0003,0.014,logprobs,,2026-10-03T08:41:53
G029,H029,P025,qwen3.8:27b,rubric_01.v4.1,0,0.0086,0.9895,0.0017,0.0003,0.0086,logprobs,,2026-10-03T08:41:54
G029,H029,P026,qwen3.8:27b,rubric_01.v4.1,0,0.0041,0.9941,0.0022,0.0001,0.0036,logprobs,,2026-10-03T08:41:55
G029,H029,P027,qwen3.8:27b,rubric_01.v4.1,0,0.1153,0.8117,0.1598,0.0168,0.0116,logprobs,,2026-10-03T08:41:56
G029,H029,P028,qwen3.8:27b,rubric_01.v4.1,0,0.0049,0.9944,0.0003,0.0,0.0052,logprobs,,2026-10-03T08:41:57
G029,H029,P029,qwen3.8:27b,rubric_01.v4.1,0,0.0835,0.9086,0.0746,0.0079,0.0089,logprobs,,2026-10-03T08:41:58
G029,H029,P030,qwen3.8:27b,rubric_01.v4.1,0,0.0055,0.9928,0.0017,0.0003,0.0052,logprobs,,2026-10-03T08:41:59
G030,H030,P001,qwen3.8:27b,rubric_01.v4.1,0,0.147,0.6708,0.3169,0.0096,0.0027,logprobs,,2026-10-03T08:42:00
G030,H030,P002,qwen3.8:27b,rubric_01.v4.1,0,0.1544,0.6437,0.3445,0.0092,0.0026,logprobs,,2026-10-03T08:42:01
G030,H030,P003,qwen3.8:27b,rubric_01.v4.1,0,0.0868,0.8764,0.1186,0.0028,0.0022,logprobs,,2026-10-03T08:42:02
G030,H030,P004,qwen3.8:27b,rubric_01.v4.1,0,0.0013,0.9985,0.0001,0.0,0.0013,logprobs,,2026-10-03T08:42:03
G030,H030,P005,qwen3.8:27b,rubric_01.v4.1,0,0.0648,0.9631,0.0291,0.0005,0.0074,logprobs,,2026-10-03T08:42:04
G030,H030,P006,qwen3.8:27b,rubric_01.v4.1,0,0.0551,0.9856,0.0124,0.0005,0.0015,logprobs,,2026-10-03T08:42:05
G030,H030,P007,qwen3.8:27b,rubric_01.v4.1,0,0.1276,0.7432,0.2413,0.0136,0.0018,logprobs,,2026-10-03T08:42:06
G030,H030,P008,qwen3.8:27b,rubric_01.v4.1,0,0.0574,0.9758,0.0229,0.0005,0.0007,logprobs,,2026-10-03T06:50:43
G030,H030,P009,qwen3.8:27b,rubric_01.v4.1,0,0.0077,0.9903,0.0019,0.0002,0.0076,logprobs,,2026-10-03T06:50:42
G030,H030,P010,qwen3.8:27b,rubric_01.v4.1,0,0.072,0.9492,0.0368,0.0021,0.0119,logprobs,,2026-10-03T08:42:07
G030,H030,P011,qwen3.8:27b,rubric_01.v4.1,0,0.0063,0.9928,0.0004,0.0001,0.0067,logprobs,,2026-10-03T08:42:08
G030,H030,P012,qwen3.8:27b,rubric_01.v4.1,0,0.0032,0.9954,0.0017,0.0001,0.0028,logprobs,,2026-10-03T08:42:09
G030,H030,P013,qwen3.8:27b,rubric_01.v4.1,0,0.0103,0.9757,0.0202,0.0005,0.0035,logprobs,,2026-10-03T08:42:10
G030,H030,P014,qwen3.8:27b,rubric_01.v4.1,0,0.0228,0.9511,0.0369,0.0014,0.0106,logprobs,,2026-10-03T08:42:11
G030,H030,P015,qwen3.8:27b,rubric_01.v4.1,0,0.1431,0.6936,0.2892,0.0112,0.006,logprobs,,2026-10-03T08:42:12
G030,H030,P016,qwen3.8:27b,rubric_01.v4.1,0,0.0559,0.9846,0.0124,0.0005,0.0024,logprobs,,2026-10-03T08:42:13
G030,H030,P017,qwen3.8:27b,rubric_01.v4.1,0,0.0778,0.9214,0.0667,0.0048,0.007,logprobs,,2026-10-03T08:42:14
G030,H030,P018,qwen3.8:27b,rubric_01.v4.1,0,0.0631,0.9674,0.0258,0.0003,0.0065,logprobs,,2026-10-03T08:42:15
G030,H030,P019,qwen3.8:27b,rubric_01.v4.1,0,0.0029,0.9968,0.0,0.0,0.0032,logprobs,,2026-10-03T08:42:16
G030,H030,P020,qwen3.8:27b,rubric_01.v4.1,0,0.0013,0.998,0.0009,0.0,0.001,logprobs,,2026-10-03T08:42:17
G030,H030,P021,qwen3.8:27b,rubric_01.v4.1,0,0.013,0.9858,0.0001,0.0,0.0141,logprobs,,2026-10-03T08:42:18
G030,H030,P022,qwen3.8:27b,rubric_01.v4.1,0,0.0807,0.945,0.0285,0.0013,0.0252,logprobs,,2026-10-03T08:42:19
G030,H030,P023,qwen3.8:27b,rubric_01.v4.1,0,0.1021,0.828,0.163,0.0056,0.0034,logprobs,,2026-10-03T08:42:20
G030,H030,P024,qwen3.8:27b,rubric_01.v4.1,0,0.1358,0.763,0.1929,0.0261,0.0179,logprobs,,2026-10-03T08:42:21
G030,H030,P025,qwen3.8:27b,rubric_01.v4.1,0,0.001,0.9988,0.0002,0.0,0.001,logprobs,,2026-10-03T08:42:22
G030,H030,P026,qwen3.8:27b,rubric_01.v4.1,0,0.0665,0.9488,0.0472,0.001,0.003,logprobs,,2026-10-03T08:42:23
G030,H030,P027,qwen3.8:27b,rubric_01.v4.1,0,0.0587,0.9804,0.014,0.0005,0.0051,logprobs,,2026-10-03T08:42:24
G030,H030,P028,qwen3.8:27b,rubric_01.v4.1,0,0.0606,0.9803,0.0109,0.0003,0.0085,logprobs,,2026-10-03T08:42:25
G030,H030,P029,qwen3.8:27b,rubric_01.v4.1,0,0.1164,0.7866,0.1989,0.0077,0.0068,logprobs,,2026-10-03T08:42:26
G030,H030,P030,qwen3.8:27b,rubric_01.v4.1,0,0.16,0.4736,0.4736,0.0499,0.0028,logprobs,,2026-10-03T06:50:41
