item,gig_file,provider_file,gold_grade
1,pwc.com__us_en_library_case-studies_columbia-insurance-guidewire-cloud-modernization-case-study-html.md,deloitte.com__us_en_about_people_profiles-cmacfarlane-ffbb7d6b-html.md,1
2,ey.com__en_gl_insights_cybersecurity_why-a-superstore-reinforced-its-cyber-walls-to-protect-its-customers.md,deloitte.com__us_en_about_people_profiles-jason-hunt-cf3f6747-html.md,2
3,ey.com__en_gl_insights_consulting_how-supply-chain-optimization-helps-an-electronics-manufacturer-connect-customers.md,deloitte.com__us_en_about_people_profiles-lisa-walker-d25ce3e7-html.md,2
4,ey.com__en_gl_insights_strategy-transactions_how-an-insolvent-travel-industry-giant-got-back-on-track.md,bcg.com__about_people_experts-julien-ghesquieres.md,1
5,pwc.com__gx_en_about_case-studies_pwc-sap-4-hana-alliance-one-shipping-case-study-html.md,pwc.com__gx_en_services_alliances_sap_sap-alliance-leadership-blog-dc-html.md,3
6,ey.com__en_gl_insights_ai_how-mott-macdonald-is-building-confidence-through-responsible-ai.md,deloitte.com__us_en_about_people_profiles-derek-snaidauf-507f6040-html.md,3
7,kpmg.com__us_en_how-we-work_client-stories_sevita-client-story-html.md,deloitte.com__us_en_about_people_profiles-barry-chen-db28baa7-html.md,1
8,ey.com__en_gl_insights_consulting_how-a-frozen-foods-powerhouse-kept-their-cool-on-the-way-to-being-no-1.md,deloitte.com__us_en_about_people_profiles-chris-noyes-23d151bc-html.md,2
9,ey.com__en_gl_insights_consulting_why-people-and-tech-are-the-fuel-for-customer-centric-transformation.md,deloitte.com__us_en_about_people_profiles-christian-grant-3b4dbdb-html.md,2
10,ey.com__en_gl_insights_ai_how-mott-macdonald-is-building-confidence-through-responsible-ai.md,deloitte.com__us_en_about_people_profiles-bradley-niedzielski-15418049-html.md,1
11,deloitte.com__us_en_what-we-do_case-studies_team-usa-la28-accounting-services-html.md,deloitte.com__us_en_about_people_profiles-dhajmera-bcf5086c-html.md,3
12,kpmg.com__us_en_insights-by-industry_insights-healthcare-life-sciences-html.md,deloitte.com__us_en_about_people_profiles-kinorton-763534f0-html.md,0
13,pwc.com__gx_en_about_case-studies_pwc-sap-4-hana-alliance-one-shipping-case-study-html.md,deloitte.com__us_en_about_people_profiles-jkrikhaar-1452ba73-html.md,1
14,kpmg.com__us_en_how-we-work_client-stories_firm-drives-efficiency-with-tax-managed-services-html.md,deloitte.com__us_en_about_people_profiles-ashley-price-b0ae8ab3-html.md,3
15,kpmg.com__us_en_insights-by-industry_insights-healthcare-life-sciences-html.md,pwc.com__ca_en_about-us_our-people_meet-james-html.md,0
16,ey.com__en_gl_insights_consulting_how-supply-chain-optimization-helps-an-electronics-manufacturer-connect-customers.md,deloitte.com__us_en_about_people_profiles-jkusters-bab070cd-html.md,2
17,kpmg.com__us_en_how-we-work_client-stories_firm-drives-efficiency-with-tax-managed-services-html.md,deloitte.com__us_en_about_people_profiles-kenneth-schulhof-733d7565-html.md,2
18,ey.com__en_gl_insights_consulting_how-supply-chain-optimization-helps-an-electronics-manufacturer-connect-customers.md,deloitte.com__us_en_about_people_profiles-jkoenigsknecht-2e244406-html.md,0
19,pwc.com__us_en_library_case-studies_columbia-insurance-guidewire-cloud-modernization-case-study-html.md,deloitte.com__us_en_about_people_profiles-ajay-radhakrishnan-f203b62b-html.md,3
20,ey.com__en_gl_insights_ai_how-mott-macdonald-is-building-confidence-through-responsible-ai.md,deloitte.com__us_en_about_people_profiles-brian-cassidy-5796f082-html.md,2
21,ey.com__en_gl_insights_strategy-transactions_how-an-insolvent-travel-industry-giant-got-back-on-track.md,deloitte.com__us_en_about_people_profiles-brybarnes-cef0d37e-html.md,1
22,ey.com__en_gl_insights_consulting_how-supply-chain-optimization-helps-an-electronics-manufacturer-connect-customers.md,deloitte.com__us_en_about_people_profiles-dbuelow-1196c6c5-html.md,3
23,ey.com__en_gl_insights_cybersecurity_why-a-superstore-reinforced-its-cyber-walls-to-protect-its-customers.md,deloitte.com__us_en_about_people_profiles-jrpearce-8f6c4e48-html.md,0
24,ey.com__en_gl_insights_consulting_why-people-and-tech-are-the-fuel-for-customer-centric-transformation.md,deloitte.com__us_en_about_people_profiles-jason-hunt-cf3f6747-html.md,0
25,ey.com__en_gl_insights_strategy-transactions_how-an-insolvent-travel-industry-giant-got-back-on-track.md,kpmg.com__us_en_our-team_b_brokmeier-rebecca-html.md,2
26,kpmg.com__us_en_how-we-work_client-stories_firm-drives-efficiency-with-tax-managed-services-html.md,deloitte.com__us_en_about_people_profiles-brittany-mcginley-3be3d493-html.md,0
27,ey.com__en_gl_insights_financial-services_emeia_how-technology-fights-fincrime-while-enhancing-regulatory-compliance.md,ey.com__en_gl_people_pete-witte.md,0
28,pwc.com__us_en_library_case-studies_columbia-insurance-guidewire-cloud-modernization-case-study-html.md,deloitte.com__us_en_about_people_profiles-bkunisch-3026f09-html.md,0
29,kpmg.com__us_en_how-we-work_client-stories_sevita-client-story-html.md,deloitte.com__us_en_about_people_profiles-bradley-niedzielski-15418049-html.md,0
30,ey.com__en_au_insights_financial-services_asia-pacific_how-japan-leading-online-insurer-achieved-ambitious-growth.md,deloitte.com__us_en_about_people_profiles-joseph-desantis-3005722f-html.md,2
31,ey.com__en_gl_insights_consulting_why-people-and-tech-are-the-fuel-for-customer-centric-transformation.md,deloitte.com__us_en_about_people_profiles-jrpearce-8f6c4e48-html.md,1
32,deloitte.com__us_en_what-we-do_case-studies_team-usa-la28-accounting-services-html.md,deloitte.com__us_en_about_people_profiles-kevin-richards-2f074dce-html.md,2
33,kpmg.com__us_en_insights-by-industry_insights-healthcare-life-sciences-html.md,deloitte.com__us_en_about_people_profiles-briacampbell-9aa4c182-html.md,1
34,ey.com__en_gl_insights_banking-capital-markets_how-social-media-firm-created-south-korea-s-fastest-growing-bank.md,pwc.com__gx_en_industries_financial-services_ghost_managing-africas-money-html.md,3
35,ey.com__en_gl_insights_strategy-transactions_how-an-insolvent-travel-industry-giant-got-back-on-track.md,deloitte.com__us_en_about_people_profiles-kristen-stuart-99e439a4-html.md,1
36,ey.com__en_gl_insights_banking-capital-markets_how-social-media-firm-created-south-korea-s-fastest-growing-bank.md,deloitte.com__us_en_about_people_profiles-cpuglia-1b5f6dc7-html.md,0
37,ey.com__en_gl_insights_banking-capital-markets_how-social-media-firm-created-south-korea-s-fastest-growing-bank.md,deloitte.com__us_en_about_people_profiles-gys-hyman-80d18cf9-html.md,3
38,ey.com__en_au_insights_financial-services_asia-pacific_how-japan-leading-online-insurer-achieved-ambitious-growth.md,deloitte.com__global_en_about_people_profiles-anthony-deangelis-b6bf6299-html.md,0
39,kpmg.com__us_en_how-we-work_client-stories_sevita-client-story-html.md,deloitte.com__us_en_about_people_profiles-bryan-martin-47758200-html.md,3
40,ey.com__en_gl_insights_financial-services_emeia_how-technology-fights-fincrime-while-enhancing-regulatory-compliance.md,pwc.com__ca_en_about-us_our-people_passion-for-cyber-work-and-on-the-job-learning-html.md,2
41,pwc.com__gx_en_about_case-studies_pwc-sap-4-hana-alliance-one-shipping-case-study-html.md,deloitte.com__us_en_about_people_profiles-barry-chen-db28baa7-html.md,1
42,deloitte.com__us_en_what-we-do_case-studies_case-study-ai-and-a-proactive-path-to-projected-prosperity-html.md,deloitte.com__us_en_about_people_profiles-michael-luk-204866c2-html.md,3
43,ey.com__en_gl_insights_consulting_why-people-and-tech-are-the-fuel-for-customer-centric-transformation.md,ey.com__en_gl_people_greg-guthridge.md,3
44,ey.com__en_gl_insights_cybersecurity_why-a-superstore-reinforced-its-cyber-walls-to-protect-its-customers.md,deloitte.com__us_en_about_people_profiles-igecasmccarthy-ad64c0f3-html.md,1
45,ey.com__en_gl_insights_strategy-transactions_how-an-insolvent-travel-industry-giant-got-back-on-track.md,kpmg.com__us_en_our-team_g_guy-stephen-html.md,2
46,ey.com__en_gl_insights_banking-capital-markets_how-social-media-firm-created-south-korea-s-fastest-growing-bank.md,deloitte.com__us_en_about_people_profiles-michelle-gauchat-e6c7d12a-html.md,2
47,kpmg.com__us_en_how-we-work_client-stories_firm-drives-efficiency-with-tax-managed-services-html.md,deloitte.com__us_en_about_people_profiles-jason-marmo-99e80536-html.md,2
48,ey.com__en_us_insights_strategy_case-study-collaborating-to-close-a-city-budget-deficit.md,deloitte.com__us_en_about_people_profiles-prasad-yarlagedda-49655a82-html.md,1
49,kpmg.com__us_en_how-we-work_client-stories_firm-drives-efficiency-with-tax-managed-services-html.md,deloitte.com__us_en_about_people_profiles-eric-fox-1cfb4503-html.md,1
50,ey.com__en_gl_insights_cybersecurity_why-a-superstore-reinforced-its-cyber-walls-to-protect-its-customers.md,deloitte.com__us_en_about_people_profiles-chris-smith-4d8f159c-html.md,0
51,deloitte.com__us_en_what-we-do_case-studies_team-usa-la28-accounting-services-html.md,deloitte.com__us_en_about_people_profiles-chris-smith-4d8f159c-html.md,1
52,ey.com__en_gl_insights_consulting_how-a-frozen-foods-powerhouse-kept-their-cool-on-the-way-to-being-no-1.md,deloitte.com__us_en_about_people_profiles-lisa-walker-d25ce3e7-html.md,3
53,deloitte.com__us_en_what-we-do_case-studies_wnba-app-html.md,deloitte.com__us_en_about_people_profiles-mdanitz-2369e20f-html.md,0
54,kpmg.com__us_en_insights-by-industry_insights-healthcare-life-sciences-html.md,deloitte.com__us_en_about_people_profiles-dsimmonds-5fed877c-html.md,0
55,ey.com__en_gl_insights_financial-services_emeia_how-technology-fights-fincrime-while-enhancing-regulatory-compliance.md,deloitte.com__us_en_about_people_profiles-igecasmccarthy-ad64c0f3-html.md,1
56,ey.com__en_gl_insights_cybersecurity_why-a-superstore-reinforced-its-cyber-walls-to-protect-its-customers.md,pwc.com__ca_en_about-us_our-people_passion-for-cyber-work-and-on-the-job-learning-html.md,3
57,ey.com__en_gl_insights_strategy-transactions_how-an-insolvent-travel-industry-giant-got-back-on-track.md,deloitte.com__us_en_about_people_profiles-jason-marmo-99e80536-html.md,0
58,deloitte.com__us_en_what-we-do_case-studies_case-study-ai-and-a-proactive-path-to-projected-prosperity-html.md,deloitte.com__us_en_about_people_profiles-kavitha-prabhakar-feb3e526-html.md,2
59,kpmg.com__us_en_insights-by-industry_insights-healthcare-life-sciences-html.md,deloitte.com__us_en_about_people_profiles-deron-weston-caf32d3d-html.md,2
60,deloitte.com__us_en_what-we-do_case-studies_wnba-app-html.md,deloitte.com__us_en_about_people_profiles-kat-harwood-754cd6c6-html.md,2
