provider,gig,gig_source_file,target_grade,route,route_meaning,seniority,years_experience,mode_of_work,provider_title,profile_words
crafted-provider__01_a.md,C01,crafted-gig__01_noncompete-opinion.md,2,2b,"adjacent: the right skills, mostly applied to a different kind of problem",expert,23,advisory,Commercial Contracts and Competition Lawyer,234
crafted-provider__01_b.md,C01,crafted-gig__01_noncompete-opinion.md,1,1b,"weak: a generic skill (project management, data analysis, admin) with no sign of the gig's domain",expert,24,advisory,Regulatory Compliance and Governance Adviser,220
crafted-provider__01_c.md,C01,crafted-gig__01_noncompete-opinion.md,0,0b,"none: shares only a tool, regulator or keyword",expert,28,advisory,Construction Quantum Expert Witness,222
crafted-provider__01_d.md,C01,crafted-gig__01_noncompete-opinion.md,2,2a,"adjacent: same discipline, a neighbouring sub-focus",expert,25,advisory,Workplace Investigations and Employment Disputes Lawyer,228
crafted-provider__01_e.md,C01,crafted-gig__01_noncompete-opinion.md,1,1a,"weak: an adjacent area or a transferable skill, not a real fit",expert,27,advisory,HR Policy and Employee Relations Adviser,227
crafted-provider__01_f.md,C01,crafted-gig__01_noncompete-opinion.md,3,3b,"direct: the same kind of work on the same kind of problem, built up in a different industry",expert,24,advisory,Employment and Restraint of Trade Counsel,242
crafted-provider__01_g.md,C01,crafted-gig__01_noncompete-opinion.md,3,3a,"direct: the same kind of work on the same kind of problem, in a similar setting",expert,26,advisory,Employment Lawyer and Former Partner,254
crafted-provider__01_h.md,C01,crafted-gig__01_noncompete-opinion.md,0,0a,none: shares only the gig's industry or setting,expert,25,advisory,Technology Strategy and Cloud Architecture Adviser,224
crafted-provider__02_a.md,C02,crafted-gig__02_gst-backlog.md,0,0b,"none: shares only a tool, regulator or keyword",mid,7,execution,Xero Integration Developer,220
crafted-provider__02_b.md,C02,crafted-gig__02_gst-backlog.md,3,3a,"direct: the same kind of work on the same kind of problem, in a similar setting",mid,8,execution,GST and Bookkeeping Accountant,223
crafted-provider__02_c.md,C02,crafted-gig__02_gst-backlog.md,1,1b,"weak: a generic skill (project management, data analysis, admin) with no sign of the gig's domain",mid,6,execution,Finance and Office Administrator,217
crafted-provider__02_d.md,C02,crafted-gig__02_gst-backlog.md,2,2b,"adjacent: the right skills, mostly applied to a different kind of problem",mid,7,execution,Bookkeeper and Xero Reconciliation Specialist,212
crafted-provider__02_e.md,C02,crafted-gig__02_gst-backlog.md,3,3b,"direct: the same kind of work on the same kind of problem, built up in a different industry",mid,7,execution,Indirect Tax Accountant for F&B and Retail,224
crafted-provider__02_f.md,C02,crafted-gig__02_gst-backlog.md,1,1a,"weak: an adjacent area or a transferable skill, not a real fit",mid,8,execution,Payroll and Statutory Submissions Specialist,206
crafted-provider__02_g.md,C02,crafted-gig__02_gst-backlog.md,0,0a,none: shares only the gig's industry or setting,mid,7,execution,Digital Marketing Consultant for Small Businesses,215
crafted-provider__02_h.md,C02,crafted-gig__02_gst-backlog.md,2,2a,"adjacent: same discipline, a neighbouring sub-focus",mid,8,execution,Corporate Income Tax Accountant,217
crafted-provider__03_a.md,C03,crafted-gig__03_ammonia-spikes.md,2,2a,"adjacent: same discipline, a neighbouring sub-focus",senior,14,advisory,Aquatic Animal Health Consultant,218
crafted-provider__03_b.md,C03,crafted-gig__03_ammonia-spikes.md,1,1b,"weak: a generic skill (project management, data analysis, admin) with no sign of the gig's domain",senior,14,advisory,Operations Improvement Consultant,210
crafted-provider__03_c.md,C03,crafted-gig__03_ammonia-spikes.md,1,1a,"weak: an adjacent area or a transferable skill, not a real fit",senior,13,advisory,Hydroponics Nutrient Management Consultant,218
crafted-provider__03_d.md,C03,crafted-gig__03_ammonia-spikes.md,2,2b,"adjacent: the right skills, mostly applied to a different kind of problem",senior,16,advisory,Wastewater Treatment Process Specialist,218
crafted-provider__03_e.md,C03,crafted-gig__03_ammonia-spikes.md,3,3b,"direct: the same kind of work on the same kind of problem, built up in a different industry",senior,17,advisory,Life Support Systems Adviser,229
crafted-provider__03_f.md,C03,crafted-gig__03_ammonia-spikes.md,0,0a,none: shares only the gig's industry or setting,senior,16,advisory,Agribusiness Finance and Grants Adviser,201
crafted-provider__03_g.md,C03,crafted-gig__03_ammonia-spikes.md,0,0b,"none: shares only a tool, regulator or keyword",senior,15,advisory,Ammonia Refrigeration Safety Engineer,205
crafted-provider__03_h.md,C03,crafted-gig__03_ammonia-spikes.md,3,3a,"direct: the same kind of work on the same kind of problem, in a similar setting",senior,15,advisory,Aquaculture Water Quality Specialist,241
crafted-provider__04_a.md,C04,crafted-gig__04_wind-up-options.md,2,2a,"adjacent: same discipline, a neighbouring sub-focus",expert,24,advisory,Corporate Rescue and Restructuring Adviser,214
crafted-provider__04_b.md,C04,crafted-gig__04_wind-up-options.md,0,0b,"none: shares only a tool, regulator or keyword",expert,25,advisory,Liquidity Risk Adviser to Banks,210
crafted-provider__04_c.md,C04,crafted-gig__04_wind-up-options.md,0,0a,none: shares only the gig's industry or setting,expert,22,advisory,Executive Coach for Family Business Owners,196
crafted-provider__04_d.md,C04,crafted-gig__04_wind-up-options.md,2,2b,"adjacent: the right skills, mostly applied to a different kind of problem",expert,26,advisory,Group Tax and Reorganisation Adviser,217
crafted-provider__04_e.md,C04,crafted-gig__04_wind-up-options.md,1,1b,"weak: a generic skill (project management, data analysis, admin) with no sign of the gig's domain",expert,24,advisory,Part-Time CFO for Owner-Managed Businesses,203
crafted-provider__04_f.md,C04,crafted-gig__04_wind-up-options.md,3,3a,"direct: the same kind of work on the same kind of problem, in a similar setting",expert,25,advisory,Insolvency Practitioner and Liquidator,228
crafted-provider__04_g.md,C04,crafted-gig__04_wind-up-options.md,3,3b,"direct: the same kind of work on the same kind of problem, built up in a different industry",expert,23,advisory,Liquidator for Shipping and Investment Holding Groups,233
crafted-provider__04_h.md,C04,crafted-gig__04_wind-up-options.md,1,1a,"weak: an adjacent area or a transferable skill, not a real fit",expert,27,advisory,Corporate Secretarial and Compliance Adviser,227
crafted-provider__05_a.md,C05,crafted-gig__05_cash-flow-model.md,0,0b,"none: shares only a tool, regulator or keyword",mid,7,execution,Payments Integration Developer,199
crafted-provider__05_b.md,C05,crafted-gig__05_cash-flow-model.md,2,2b,"adjacent: the right skills, mostly applied to a different kind of problem",mid,8,execution,Excel and VBA Automation Developer,206
crafted-provider__05_c.md,C05,crafted-gig__05_cash-flow-model.md,3,3b,"direct: the same kind of work on the same kind of problem, built up in a different industry",mid,8,execution,Project Cash Flow and Forecasting Accountant,213
crafted-provider__05_d.md,C05,crafted-gig__05_cash-flow-model.md,2,2a,"adjacent: same discipline, a neighbouring sub-focus",mid,7,execution,FP&A Analyst for Budgets and Management Reports,222
crafted-provider__05_e.md,C05,crafted-gig__05_cash-flow-model.md,0,0a,none: shares only the gig's industry or setting,mid,7,execution,Purchasing and Sourcing Executive for Trading Companies,201
crafted-provider__05_f.md,C05,crafted-gig__05_cash-flow-model.md,1,1b,"weak: a generic skill (project management, data analysis, admin) with no sign of the gig's domain",mid,6,execution,Data Analyst and Dashboard Builder,202
crafted-provider__05_g.md,C05,crafted-gig__05_cash-flow-model.md,3,3a,"direct: the same kind of work on the same kind of problem, in a similar setting",mid,7,execution,Financial Modeller and Management Accountant,235
crafted-provider__05_h.md,C05,crafted-gig__05_cash-flow-model.md,1,1a,"weak: an adjacent area or a transferable skill, not a real fit",mid,7,execution,Credit Control and Collections Specialist,199
crafted-provider__06_a.md,C06,crafted-gig__06_cyber-essentials-gap.md,0,0a,none: shares only the gig's industry or setting,senior,14,advisory,Workplace Design and Office Planning Consultant,196
crafted-provider__06_b.md,C06,crafted-gig__06_cyber-essentials-gap.md,3,3a,"direct: the same kind of work on the same kind of problem, in a similar setting",senior,14,advisory,Cyber Security Consultant for SMEs,224
crafted-provider__06_c.md,C06,crafted-gig__06_cyber-essentials-gap.md,3,3b,"direct: the same kind of work on the same kind of problem, built up in a different industry",senior,13,advisory,Healthcare Cyber Security Adviser,217
crafted-provider__06_d.md,C06,crafted-gig__06_cyber-essentials-gap.md,1,1b,"weak: a generic skill (project management, data analysis, admin) with no sign of the gig's domain",senior,15,advisory,IT Project and Programme Manager,201
crafted-provider__06_e.md,C06,crafted-gig__06_cyber-essentials-gap.md,2,2b,"adjacent: the right skills, mostly applied to a different kind of problem",senior,16,advisory,IT Audit and Controls Adviser,214
crafted-provider__06_f.md,C06,crafted-gig__06_cyber-essentials-gap.md,2,2a,"adjacent: same discipline, a neighbouring sub-focus",senior,15,advisory,Cloud Security Architecture Adviser,213
crafted-provider__06_g.md,C06,crafted-gig__06_cyber-essentials-gap.md,0,0b,"none: shares only a tool, regulator or keyword",senior,12,advisory,Microsoft 365 Adoption and Change Adviser,192
crafted-provider__06_h.md,C06,crafted-gig__06_cyber-essentials-gap.md,1,1a,"weak: an adjacent area or a transferable skill, not a real fit",senior,13,advisory,Data Protection and PDPA Compliance Consultant,194
crafted-provider__07_a.md,C07,crafted-gig__07_stripe-xero-reconcile.md,2,2b,"adjacent: the right skills, mostly applied to a different kind of problem",mid,6,execution,Python Automation Developer for Operations,217
crafted-provider__07_b.md,C07,crafted-gig__07_stripe-xero-reconcile.md,3,3b,"direct: the same kind of work on the same kind of problem, built up in a different industry",mid,8,execution,E-Commerce Payments Reconciliation Developer,218
crafted-provider__07_c.md,C07,crafted-gig__07_stripe-xero-reconcile.md,3,3a,"direct: the same kind of work on the same kind of problem, in a similar setting",mid,7,execution,Python Developer for Finance Automation,235
crafted-provider__07_d.md,C07,crafted-gig__07_stripe-xero-reconcile.md,0,0a,none: shares only the gig's industry or setting,mid,7,execution,Subscription Retention and Email Marketing Specialist,209
crafted-provider__07_e.md,C07,crafted-gig__07_stripe-xero-reconcile.md,0,0b,"none: shares only a tool, regulator or keyword",mid,7,execution,Coding Instructor for Young Learners,199
crafted-provider__07_f.md,C07,crafted-gig__07_stripe-xero-reconcile.md,2,2a,"adjacent: same discipline, a neighbouring sub-focus",mid,7,execution,Subscription Billing Integration Developer,211
crafted-provider__07_g.md,C07,crafted-gig__07_stripe-xero-reconcile.md,1,1a,"weak: an adjacent area or a transferable skill, not a real fit",mid,7,execution,Bookkeeper for Online and Subscription Businesses,207
crafted-provider__07_h.md,C07,crafted-gig__07_stripe-xero-reconcile.md,1,1b,"weak: a generic skill (project management, data analysis, admin) with no sign of the gig's domain",mid,8,execution,WordPress Website Developer,196
crafted-provider__08_a.md,C08,crafted-gig__08_survey-dashboard.md,0,0b,"none: shares only a tool, regulator or keyword",mid,8,mixed,Land Surveyor,189
crafted-provider__08_b.md,C08,crafted-gig__08_survey-dashboard.md,2,2a,"adjacent: same discipline, a neighbouring sub-focus",mid,7,mixed,Market Research Analyst,186
crafted-provider__08_c.md,C08,crafted-gig__08_survey-dashboard.md,3,3b,"direct: the same kind of work on the same kind of problem, built up in a different industry",mid,8,mixed,Patient Experience Data Analyst,218
crafted-provider__08_d.md,C08,crafted-gig__08_survey-dashboard.md,0,0a,none: shares only the gig's industry or setting,mid,8,mixed,Branch Operations Consultant for Service Chains,195
crafted-provider__08_e.md,C08,crafted-gig__08_survey-dashboard.md,3,3a,"direct: the same kind of work on the same kind of problem, in a similar setting",mid,7,mixed,Survey Data Analyst and Power BI Developer,229
crafted-provider__08_f.md,C08,crafted-gig__08_survey-dashboard.md,1,1a,"weak: an adjacent area or a transferable skill, not a real fit",mid,7,mixed,UX Researcher,195
crafted-provider__08_g.md,C08,crafted-gig__08_survey-dashboard.md,1,1b,"weak: a generic skill (project management, data analysis, admin) with no sign of the gig's domain",mid,6,mixed,Data Entry and Spreadsheet Administrator,204
crafted-provider__08_h.md,C08,crafted-gig__08_survey-dashboard.md,2,2b,"adjacent: the right skills, mostly applied to a different kind of problem",mid,6,mixed,Power BI Developer for Sales and Finance Reporting,199
crafted-provider__09_a.md,C09,crafted-gig__09_pdpa-programme-review.md,1,1b,"weak: a generic skill (project management, data analysis, admin) with no sign of the gig's domain",senior,12,advisory,Policy and Procedures Documentation Consultant,205
crafted-provider__09_b.md,C09,crafted-gig__09_pdpa-programme-review.md,0,0b,"none: shares only a tool, regulator or keyword",senior,16,advisory,Clinical Trials Regulatory Affairs Adviser,193
crafted-provider__09_c.md,C09,crafted-gig__09_pdpa-programme-review.md,3,3a,"direct: the same kind of work on the same kind of problem, in a similar setting",senior,14,advisory,Data Protection Consultant for Education Providers,230
crafted-provider__09_d.md,C09,crafted-gig__09_pdpa-programme-review.md,0,0a,none: shares only the gig's industry or setting,senior,15,advisory,Mathematics Curriculum Consultant for Tuition Centres,199
crafted-provider__09_e.md,C09,crafted-gig__09_pdpa-programme-review.md,2,2a,"adjacent: same discipline, a neighbouring sub-focus",senior,15,advisory,Cyber Security and Incident Response Adviser,208
crafted-provider__09_f.md,C09,crafted-gig__09_pdpa-programme-review.md,3,3b,"direct: the same kind of work on the same kind of problem, built up in a different industry",senior,16,advisory,Privacy and Data Protection Adviser,217
crafted-provider__09_g.md,C09,crafted-gig__09_pdpa-programme-review.md,1,1a,"weak: an adjacent area or a transferable skill, not a real fit",senior,13,advisory,Private Education Compliance Consultant,192
crafted-provider__09_h.md,C09,crafted-gig__09_pdpa-programme-review.md,2,2b,"adjacent: the right skills, mostly applied to a different kind of problem",senior,14,advisory,Data Governance and AI Governance Adviser,209
crafted-provider__10_a.md,C10,crafted-gig__10_pay-bands.md,3,3b,"direct: the same kind of work on the same kind of problem, built up in a different industry",senior,14,mixed,Pay Structure Consultant for Non-Profits and Healthcare,231
crafted-provider__10_b.md,C10,crafted-gig__10_pay-bands.md,3,3a,"direct: the same kind of work on the same kind of problem, in a similar setting",senior,15,mixed,Rewards and Pay Structure Consultant,250
crafted-provider__10_c.md,C10,crafted-gig__10_pay-bands.md,0,0b,"none: shares only a tool, regulator or keyword",senior,15,mixed,Building Energy Benchmarking Consultant,196
crafted-provider__10_d.md,C10,crafted-gig__10_pay-bands.md,1,1a,"weak: an adjacent area or a transferable skill, not a real fit",senior,12,mixed,Recruitment Consultant for Sales and Finance Roles,203
crafted-provider__10_e.md,C10,crafted-gig__10_pay-bands.md,1,1b,"weak: a generic skill (project management, data analysis, admin) with no sign of the gig's domain",senior,14,mixed,Cost Reduction and Operations Analyst,202
crafted-provider__10_f.md,C10,crafted-gig__10_pay-bands.md,2,2b,"adjacent: the right skills, mostly applied to a different kind of problem",senior,13,mixed,Job Architecture and Organisation Design Consultant,201
crafted-provider__10_g.md,C10,crafted-gig__10_pay-bands.md,2,2a,"adjacent: same discipline, a neighbouring sub-focus",senior,16,mixed,Executive Compensation and Incentive Plan Specialist,204
crafted-provider__10_h.md,C10,crafted-gig__10_pay-bands.md,0,0a,none: shares only the gig's industry or setting,senior,13,mixed,Sales Team Coach for Growing SMEs,203
crafted-provider__11_a.md,C11,crafted-gig__11_annual-dinner.md,0,0a,none: shares only the gig's industry or setting,mid,7,execution,Hotel Revenue Management Analyst,192
crafted-provider__11_b.md,C11,crafted-gig__11_annual-dinner.md,3,3a,"direct: the same kind of work on the same kind of problem, in a similar setting",mid,8,execution,Corporate Event Planner,228
crafted-provider__11_c.md,C11,crafted-gig__11_annual-dinner.md,2,2b,"adjacent: the right skills, mostly applied to a different kind of problem",mid,8,execution,Stage and Production Manager,202
crafted-provider__11_d.md,C11,crafted-gig__11_annual-dinner.md,0,0b,"none: shares only a tool, regulator or keyword",mid,7,execution,Product Photographer for E-Commerce,195
crafted-provider__11_e.md,C11,crafted-gig__11_annual-dinner.md,2,2a,"adjacent: same discipline, a neighbouring sub-focus",mid,7,execution,Conference and Exhibition Producer,186
crafted-provider__11_f.md,C11,crafted-gig__11_annual-dinner.md,1,1a,"weak: an adjacent area or a transferable skill, not a real fit",mid,7,execution,Hotel Banquet Sales Executive,194
crafted-provider__11_g.md,C11,crafted-gig__11_annual-dinner.md,3,3b,"direct: the same kind of work on the same kind of problem, built up in a different industry",mid,9,execution,Wedding and Banquet Event Planner,212
crafted-provider__11_h.md,C11,crafted-gig__11_annual-dinner.md,1,1b,"weak: a generic skill (project management, data analysis, admin) with no sign of the gig's domain",mid,6,execution,Office Project Coordinator,199
crafted-provider__12_a.md,C12,crafted-gig__12_supervisor-workshop.md,2,2a,"adjacent: same discipline, a neighbouring sub-focus",senior,15,execution,Executive and Leadership Coach,190
crafted-provider__12_b.md,C12,crafted-gig__12_supervisor-workshop.md,0,0a,none: shares only the gig's industry or setting,senior,15,execution,Restaurant Kitchen Operations Consultant,193
crafted-provider__12_c.md,C12,crafted-gig__12_supervisor-workshop.md,3,3a,"direct: the same kind of work on the same kind of problem, in a similar setting",senior,14,execution,Supervisory Skills Trainer for F&B and Retail,219
crafted-provider__12_d.md,C12,crafted-gig__12_supervisor-workshop.md,1,1b,"weak: a generic skill (project management, data analysis, admin) with no sign of the gig's domain",senior,12,execution,E-Learning Content Developer,193
crafted-provider__12_e.md,C12,crafted-gig__12_supervisor-workshop.md,1,1a,"weak: an adjacent area or a transferable skill, not a real fit",senior,14,execution,HR Business Partner for F&B Groups,204
crafted-provider__12_f.md,C12,crafted-gig__12_supervisor-workshop.md,2,2b,"adjacent: the right skills, mostly applied to a different kind of problem",senior,13,execution,Customer Service Trainer for F&B,189
crafted-provider__12_g.md,C12,crafted-gig__12_supervisor-workshop.md,0,0b,"none: shares only a tool, regulator or keyword",senior,13,execution,Acoustic and Sound System Engineer,189
crafted-provider__12_h.md,C12,crafted-gig__12_supervisor-workshop.md,3,3b,"direct: the same kind of work on the same kind of problem, built up in a different industry",senior,16,execution,Frontline Leadership Trainer for Healthcare and Manufacturing,197
crafted-provider__13_a.md,C13,crafted-gig__13_bakery-social.md,2,2b,"adjacent: the right skills, mostly applied to a different kind of problem",mid,6,execution,Email Newsletter Copywriter,204
crafted-provider__13_b.md,C13,crafted-gig__13_bakery-social.md,0,0a,none: shares only the gig's industry or setting,mid,8,execution,Bakery Production Consultant,190
crafted-provider__13_c.md,C13,crafted-gig__13_bakery-social.md,3,3b,"direct: the same kind of work on the same kind of problem, built up in a different industry",mid,8,execution,Social Media Copywriter for Small Lifestyle Brands,222
crafted-provider__13_d.md,C13,crafted-gig__13_bakery-social.md,0,0b,"none: shares only a tool, regulator or keyword",mid,6,execution,Augmented Reality Filter Developer,186
crafted-provider__13_e.md,C13,crafted-gig__13_bakery-social.md,1,1b,"weak: a generic skill (project management, data analysis, admin) with no sign of the gig's domain",mid,6,execution,Virtual Assistant for Small Businesses,193
crafted-provider__13_f.md,C13,crafted-gig__13_bakery-social.md,1,1a,"weak: an adjacent area or a transferable skill, not a real fit",mid,7,execution,Food Photographer and Content Creator,191
crafted-provider__13_g.md,C13,crafted-gig__13_bakery-social.md,3,3a,"direct: the same kind of work on the same kind of problem, in a similar setting",mid,7,execution,Social Media Copywriter for F&B Brands,243
crafted-provider__13_h.md,C13,crafted-gig__13_bakery-social.md,2,2a,"adjacent: same discipline, a neighbouring sub-focus",mid,7,execution,Brand and Website Copywriter,195
crafted-provider__14_a.md,C14,crafted-gig__14_marketplace-listings.md,0,0b,"none: shares only a tool, regulator or keyword",mid,8,mixed,Inventory Control Specialist,195
crafted-provider__14_b.md,C14,crafted-gig__14_marketplace-listings.md,3,3a,"direct: the same kind of work on the same kind of problem, in a similar setting",mid,7,mixed,Shopee and Lazada Marketplace Specialist,223
crafted-provider__14_c.md,C14,crafted-gig__14_marketplace-listings.md,3,3b,"direct: the same kind of work on the same kind of problem, built up in a different industry",mid,8,mixed,Marketplace Listing Optimisation Specialist,204
crafted-provider__14_d.md,C14,crafted-gig__14_marketplace-listings.md,1,1a,"weak: an adjacent area or a transferable skill, not a real fit",mid,6,mixed,E-Commerce Operations Coordinator,192
crafted-provider__14_e.md,C14,crafted-gig__14_marketplace-listings.md,2,2a,"adjacent: same discipline, a neighbouring sub-focus",mid,7,mixed,Marketplace Advertising Specialist,195
crafted-provider__14_f.md,C14,crafted-gig__14_marketplace-listings.md,1,1b,"weak: a generic skill (project management, data analysis, admin) with no sign of the gig's domain",mid,8,mixed,Proofreader and Copy Editor,186
crafted-provider__14_g.md,C14,crafted-gig__14_marketplace-listings.md,0,0a,none: shares only the gig's industry or setting,mid,7,mixed,Professional Home Organiser,203
crafted-provider__14_h.md,C14,crafted-gig__14_marketplace-listings.md,2,2b,"adjacent: the right skills, mostly applied to a different kind of problem",mid,7,mixed,SEO Specialist for Online Stores,195
crafted-provider__15_a.md,C15,crafted-gig__15_biscuit-rebrand.md,3,3b,"direct: the same kind of work on the same kind of problem, built up in a different industry",senior,17,advisory,Brand Repositioning Consultant for Legacy Businesses,195
crafted-provider__15_b.md,C15,crafted-gig__15_biscuit-rebrand.md,0,0b,"none: shares only a tool, regulator or keyword",senior,18,advisory,Heritage Building Conservation Consultant,188
crafted-provider__15_c.md,C15,crafted-gig__15_biscuit-rebrand.md,2,2a,"adjacent: same discipline, a neighbouring sub-focus",senior,14,advisory,Packaging Strategy Consultant,189
crafted-provider__15_d.md,C15,crafted-gig__15_biscuit-rebrand.md,2,2b,"adjacent: the right skills, mostly applied to a different kind of problem",senior,13,advisory,B2B Brand Strategist,190
crafted-provider__15_e.md,C15,crafted-gig__15_biscuit-rebrand.md,0,0a,none: shares only the gig's industry or setting,senior,16,advisory,Food Safety and HACCP Consultant for Biscuit Makers,199
crafted-provider__15_f.md,C15,crafted-gig__15_biscuit-rebrand.md,3,3a,"direct: the same kind of work on the same kind of problem, in a similar setting",senior,15,advisory,Brand Strategist for Heritage Food Brands,225
crafted-provider__15_g.md,C15,crafted-gig__15_biscuit-rebrand.md,1,1b,"weak: a generic skill (project management, data analysis, admin) with no sign of the gig's domain",senior,14,advisory,Business Plan and Grant Application Consultant,185
crafted-provider__15_h.md,C15,crafted-gig__15_biscuit-rebrand.md,1,1a,"weak: an adjacent area or a transferable skill, not a real fit",senior,12,advisory,Corporate Gifting Programme Consultant,189
crafted-provider__16_a.md,C16,crafted-gig__16_product-videos.md,1,1a,"weak: an adjacent area or a transferable skill, not a real fit",mid,7,execution,Videographer and Camera Operator,204
crafted-provider__16_b.md,C16,crafted-gig__16_product-videos.md,2,2b,"adjacent: the right skills, mostly applied to a different kind of problem",mid,8,execution,Corporate and Event Video Editor,199
crafted-provider__16_c.md,C16,crafted-gig__16_product-videos.md,1,1b,"weak: a generic skill (project management, data analysis, admin) with no sign of the gig's domain",mid,8,execution,Graphic Designer for Print and Marketing Collateral,192
crafted-provider__16_d.md,C16,crafted-gig__16_product-videos.md,2,2a,"adjacent: same discipline, a neighbouring sub-focus",mid,7,execution,Motion Graphics Designer,196
crafted-provider__16_e.md,C16,crafted-gig__16_product-videos.md,0,0b,"none: shares only a tool, regulator or keyword",mid,8,execution,Print Colour Management Specialist,203
crafted-provider__16_f.md,C16,crafted-gig__16_product-videos.md,3,3b,"direct: the same kind of work on the same kind of problem, built up in a different industry",mid,8,execution,Social Video Editor for Consumer Products,202
crafted-provider__16_g.md,C16,crafted-gig__16_product-videos.md,0,0a,none: shares only the gig's industry or setting,mid,8,execution,Cosmetic Formulation Chemist,191
crafted-provider__16_h.md,C16,crafted-gig__16_product-videos.md,3,3a,"direct: the same kind of work on the same kind of problem, in a similar setting",mid,7,execution,Short-Form Video Editor for Beauty Brands,233
crafted-provider__17_a.md,C17,crafted-gig__17_halal-cafe-menu.md,2,2b,"adjacent: the right skills, mostly applied to a different kind of problem",senior,15,execution,Ready Meal Product Development Chef,193
crafted-provider__17_b.md,C17,crafted-gig__17_halal-cafe-menu.md,0,0b,"none: shares only a tool, regulator or keyword",senior,16,execution,Islamic Finance Product Specialist,193
crafted-provider__17_c.md,C17,crafted-gig__17_halal-cafe-menu.md,1,1b,"weak: a generic skill (project management, data analysis, admin) with no sign of the gig's domain",senior,12,execution,Home Cooking Class Instructor,200
crafted-provider__17_d.md,C17,crafted-gig__17_halal-cafe-menu.md,1,1a,"weak: an adjacent area or a transferable skill, not a real fit",senior,13,execution,Halal Certification Consultant,194
crafted-provider__17_e.md,C17,crafted-gig__17_halal-cafe-menu.md,3,3b,"direct: the same kind of work on the same kind of problem, built up in a different industry",senior,13,execution,Menu Development Chef for Food Courts,192
crafted-provider__17_f.md,C17,crafted-gig__17_halal-cafe-menu.md,2,2a,"adjacent: same discipline, a neighbouring sub-focus",senior,14,execution,Pastry Chef Consultant,182
crafted-provider__17_g.md,C17,crafted-gig__17_halal-cafe-menu.md,3,3a,"direct: the same kind of work on the same kind of problem, in a similar setting",senior,15,execution,Chef Consultant for Cafe Menus,216
crafted-provider__17_h.md,C17,crafted-gig__17_halal-cafe-menu.md,0,0a,none: shares only the gig's industry or setting,senior,14,execution,Cafe Interior Designer,185
crafted-provider__18_a.md,C18,crafted-gig__18_shelf-life-study.md,1,1a,"weak: an adjacent area or a transferable skill, not a real fit",senior,13,advisory,Sauce and Condiment Product Development Chef,186
crafted-provider__18_b.md,C18,crafted-gig__18_shelf-life-study.md,2,2a,"adjacent: same discipline, a neighbouring sub-focus",senior,14,advisory,Food Microbiology and HACCP Validation Adviser,187
crafted-provider__18_c.md,C18,crafted-gig__18_shelf-life-study.md,2,2b,"adjacent: the right skills, mostly applied to a different kind of problem",senior,16,advisory,Pharmaceutical Stability Study Specialist,184
crafted-provider__18_d.md,C18,crafted-gig__18_shelf-life-study.md,3,3b,"direct: the same kind of work on the same kind of problem, built up in a different industry",senior,17,advisory,Shelf-Life and Food Preservation Adviser,207
crafted-provider__18_e.md,C18,crafted-gig__18_shelf-life-study.md,0,0b,"none: shares only a tool, regulator or keyword",senior,12,advisory,Retail Planogram and Shelf Space Analyst,193
crafted-provider__18_f.md,C18,crafted-gig__18_shelf-life-study.md,3,3a,"direct: the same kind of work on the same kind of problem, in a similar setting",senior,15,advisory,Food Scientist for Shelf-Life Studies,217
crafted-provider__18_g.md,C18,crafted-gig__18_shelf-life-study.md,1,1b,"weak: a generic skill (project management, data analysis, admin) with no sign of the gig's domain",senior,15,advisory,ISO Quality Management Systems Auditor,192
crafted-provider__18_h.md,C18,crafted-gig__18_shelf-life-study.md,0,0a,none: shares only the gig's industry or setting,senior,14,advisory,Supermarket Account Manager for Food Brands,191
crafted-provider__19_a.md,C19,crafted-gig__19_hcsa-documents.md,1,1b,"weak: a generic skill (project management, data analysis, admin) with no sign of the gig's domain",senior,13,execution,Technical Writer for SOPs and Manuals,211
crafted-provider__19_b.md,C19,crafted-gig__19_hcsa-documents.md,1,1a,"weak: an adjacent area or a transferable skill, not a real fit",senior,12,execution,Clinic Management System Implementation Specialist,195
crafted-provider__19_c.md,C19,crafted-gig__19_hcsa-documents.md,0,0a,none: shares only the gig's industry or setting,senior,13,execution,Healthcare Marketing Specialist for Clinics,190
crafted-provider__19_d.md,C19,crafted-gig__19_hcsa-documents.md,2,2a,"adjacent: same discipline, a neighbouring sub-focus",senior,16,execution,Infection Prevention and Control Nurse Specialist,207
crafted-provider__19_e.md,C19,crafted-gig__19_hcsa-documents.md,0,0b,"none: shares only a tool, regulator or keyword",senior,14,execution,Software Licence Compliance Specialist,184
crafted-provider__19_f.md,C19,crafted-gig__19_hcsa-documents.md,3,3b,"direct: the same kind of work on the same kind of problem, built up in a different industry",senior,13,execution,Healthcare Licensing Documentation Specialist,188
crafted-provider__19_g.md,C19,crafted-gig__19_hcsa-documents.md,2,2b,"adjacent: the right skills, mostly applied to a different kind of problem",senior,14,execution,Hospital Accreditation Coordinator,192
crafted-provider__19_h.md,C19,crafted-gig__19_hcsa-documents.md,3,3a,"direct: the same kind of work on the same kind of problem, in a similar setting",senior,15,execution,Clinic Licensing and Quality Consultant,203
crafted-provider__20_a.md,C20,crafted-gig__20_variation-claim.md,1,1a,"weak: an adjacent area or a transferable skill, not a real fit",expert,26,advisory,Building Defects Surveyor,190
crafted-provider__20_b.md,C20,crafted-gig__20_variation-claim.md,2,2b,"adjacent: the right skills, mostly applied to a different kind of problem",expert,23,advisory,Construction Disputes Lawyer,185
crafted-provider__20_c.md,C20,crafted-gig__20_variation-claim.md,0,0b,"none: shares only a tool, regulator or keyword",expert,23,advisory,Six Sigma Master Black Belt,198
crafted-provider__20_d.md,C20,crafted-gig__20_variation-claim.md,3,3a,"direct: the same kind of work on the same kind of problem, in a similar setting",expert,27,advisory,Quantity Surveyor and Payment Claims Expert,212
crafted-provider__20_e.md,C20,crafted-gig__20_variation-claim.md,3,3b,"direct: the same kind of work on the same kind of problem, built up in a different industry",expert,24,advisory,Contracts and Claims Consultant,198
crafted-provider__20_f.md,C20,crafted-gig__20_variation-claim.md,0,0a,none: shares only the gig's industry or setting,expert,22,advisory,Property Sales and Launch Strategist,192
crafted-provider__20_g.md,C20,crafted-gig__20_variation-claim.md,2,2a,"adjacent: same discipline, a neighbouring sub-focus",expert,25,advisory,Construction Delay and Extension of Time Expert,192
crafted-provider__20_h.md,C20,crafted-gig__20_variation-claim.md,1,1b,"weak: a generic skill (project management, data analysis, admin) with no sign of the gig's domain",expert,24,advisory,Procurement and Contract Management Adviser,201
crafted-provider__21_a.md,C21,crafted-gig__21_condo-maintenance-plan.md,3,3b,"direct: the same kind of work on the same kind of problem, built up in a different industry",senior,16,execution,Asset Lifecycle Planner for Commercial Buildings,181
crafted-provider__21_b.md,C21,crafted-gig__21_condo-maintenance-plan.md,3,3a,"direct: the same kind of work on the same kind of problem, in a similar setting",senior,14,execution,Facilities Management Specialist for Condominiums,212
crafted-provider__21_c.md,C21,crafted-gig__21_condo-maintenance-plan.md,1,1a,"weak: an adjacent area or a transferable skill, not a real fit",senior,14,execution,Lift Maintenance and Modernisation Engineer,193
crafted-provider__21_d.md,C21,crafted-gig__21_condo-maintenance-plan.md,2,2b,"adjacent: the right skills, mostly applied to a different kind of problem",senior,15,execution,Building Services Engineer for Retrofit Design,191
crafted-provider__21_e.md,C21,crafted-gig__21_condo-maintenance-plan.md,0,0a,none: shares only the gig's industry or setting,senior,13,execution,Condominium Resale Property Agent,189
crafted-provider__21_f.md,C21,crafted-gig__21_condo-maintenance-plan.md,0,0b,"none: shares only a tool, regulator or keyword",senior,13,execution,Farm Irrigation and Water Systems Consultant,195
crafted-provider__21_g.md,C21,crafted-gig__21_condo-maintenance-plan.md,1,1b,"weak: a generic skill (project management, data analysis, admin) with no sign of the gig's domain",senior,12,execution,Budget and Spreadsheet Analyst for Non-Profits,199
crafted-provider__21_h.md,C21,crafted-gig__21_condo-maintenance-plan.md,2,2a,"adjacent: same discipline, a neighbouring sub-focus",senior,13,execution,Condominium Property Manager,190
crafted-provider__22_a.md,C22,crafted-gig__22_mezzanine-design.md,3,3b,"direct: the same kind of work on the same kind of problem, built up in a different industry",expert,24,execution,Structural Engineer for Retail and Commercial Fit-Outs,194
crafted-provider__22_b.md,C22,crafted-gig__22_mezzanine-design.md,2,2b,"adjacent: the right skills, mostly applied to a different kind of problem",expert,27,execution,Geotechnical Engineer,191
crafted-provider__22_c.md,C22,crafted-gig__22_mezzanine-design.md,0,0a,none: shares only the gig's industry or setting,expert,24,execution,Industrial Property Leasing Specialist,195
crafted-provider__22_d.md,C22,crafted-gig__22_mezzanine-design.md,3,3a,"direct: the same kind of work on the same kind of problem, in a similar setting",expert,26,execution,Structural Engineer for Industrial Additions,216
crafted-provider__22_e.md,C22,crafted-gig__22_mezzanine-design.md,0,0b,"none: shares only a tool, regulator or keyword",expert,25,execution,Mezzanine and Private Debt Financing Specialist,194
crafted-provider__22_f.md,C22,crafted-gig__22_mezzanine-design.md,1,1b,"weak: a generic skill (project management, data analysis, admin) with no sign of the gig's domain",expert,22,execution,Architectural CAD and BIM Drafter,194
crafted-provider__22_g.md,C22,crafted-gig__22_mezzanine-design.md,2,2a,"adjacent: same discipline, a neighbouring sub-focus",expert,25,execution,High-Rise Structural Design Engineer,192
crafted-provider__22_h.md,C22,crafted-gig__22_mezzanine-design.md,1,1a,"weak: an adjacent area or a transferable skill, not a real fit",expert,23,execution,Steel Structure Detailer and Fabrication Manager,190
crafted-provider__23_a.md,C23,crafted-gig__23_warehouse-reslot.md,3,3a,"direct: the same kind of work on the same kind of problem, in a similar setting",senior,14,mixed,Warehouse Operations and Slotting Specialist,213
crafted-provider__23_b.md,C23,crafted-gig__23_warehouse-reslot.md,2,2a,"adjacent: same discipline, a neighbouring sub-focus",senior,13,mixed,Warehouse Management System Implementation Consultant,187
crafted-provider__23_c.md,C23,crafted-gig__23_warehouse-reslot.md,3,3b,"direct: the same kind of work on the same kind of problem, built up in a different industry",senior,16,mixed,Distribution Centre Layout and Slotting Consultant,191
crafted-provider__23_d.md,C23,crafted-gig__23_warehouse-reslot.md,1,1a,"weak: an adjacent area or a transferable skill, not a real fit",senior,13,mixed,Last-Mile Delivery and Route Planning Consultant,188
crafted-provider__23_e.md,C23,crafted-gig__23_warehouse-reslot.md,2,2b,"adjacent: the right skills, mostly applied to a different kind of problem",senior,15,mixed,Industrial Engineer for Factory Layouts,190
crafted-provider__23_f.md,C23,crafted-gig__23_warehouse-reslot.md,0,0b,"none: shares only a tool, regulator or keyword",senior,14,mixed,Broadcast Traffic and Ad Slot Scheduling Manager,196
crafted-provider__23_g.md,C23,crafted-gig__23_warehouse-reslot.md,0,0a,none: shares only the gig's industry or setting,senior,13,mixed,E-Commerce Conversion Optimisation Specialist,194
crafted-provider__23_h.md,C23,crafted-gig__23_warehouse-reslot.md,1,1b,"weak: a generic skill (project management, data analysis, admin) with no sign of the gig's domain",senior,12,mixed,Operations Data Analyst,196
crafted-provider__24_a.md,C24,crafted-gig__24_hs-code-classification.md,3,3a,"direct: the same kind of work on the same kind of problem, in a similar setting",mid,8,mixed,Trade Compliance Specialist for Food Exporters,213
crafted-provider__24_b.md,C24,crafted-gig__24_hs-code-classification.md,1,1b,"weak: a generic skill (project management, data analysis, admin) with no sign of the gig's domain",mid,7,mixed,Product Data and Catalogue Administrator,193
crafted-provider__24_c.md,C24,crafted-gig__24_hs-code-classification.md,1,1a,"weak: an adjacent area or a transferable skill, not a real fit",mid,6,mixed,Freight Forwarding Operations Executive,191
crafted-provider__24_d.md,C24,crafted-gig__24_hs-code-classification.md,2,2b,"adjacent: the right skills, mostly applied to a different kind of problem",mid,8,mixed,Export Control and Strategic Goods Specialist,185
crafted-provider__24_e.md,C24,crafted-gig__24_hs-code-classification.md,0,0a,none: shares only the gig's industry or setting,mid,8,mixed,Food Packaging Graphic Designer,198
crafted-provider__24_f.md,C24,crafted-gig__24_hs-code-classification.md,3,3b,"direct: the same kind of work on the same kind of problem, built up in a different industry",mid,7,mixed,Customs Classification and Origin Specialist,183
crafted-provider__24_g.md,C24,crafted-gig__24_hs-code-classification.md,0,0b,"none: shares only a tool, regulator or keyword",mid,8,mixed,Records Classification and Retention Specialist,186
crafted-provider__24_h.md,C24,crafted-gig__24_hs-code-classification.md,2,2a,"adjacent: same discipline, a neighbouring sub-focus",mid,7,mixed,Customs Declarant and Permit Specialist,185
crafted-provider__25_a.md,C25,crafted-gig__25_bizsafe-level-3.md,0,0b,"none: shares only a tool, regulator or keyword",senior,15,execution,Credit Risk Management Specialist,219
crafted-provider__25_b.md,C25,crafted-gig__25_bizsafe-level-3.md,2,2a,"adjacent: same discipline, a neighbouring sub-focus",senior,14,execution,ISO 45001 Management Systems Consultant,192
crafted-provider__25_c.md,C25,crafted-gig__25_bizsafe-level-3.md,2,2b,"adjacent: the right skills, mostly applied to a different kind of problem",senior,13,execution,Environmental Management Systems Consultant,187
crafted-provider__25_d.md,C25,crafted-gig__25_bizsafe-level-3.md,1,1b,"weak: a generic skill (project management, data analysis, admin) with no sign of the gig's domain",senior,12,execution,Tender and Office Administrator for Contractors,187
crafted-provider__25_e.md,C25,crafted-gig__25_bizsafe-level-3.md,3,3a,"direct: the same kind of work on the same kind of problem, in a similar setting",senior,15,execution,WSH Consultant for Contractors,216
crafted-provider__25_f.md,C25,crafted-gig__25_bizsafe-level-3.md,0,0a,none: shares only the gig's industry or setting,senior,14,execution,M&E Cost Estimator,211
crafted-provider__25_g.md,C25,crafted-gig__25_bizsafe-level-3.md,3,3b,"direct: the same kind of work on the same kind of problem, built up in a different industry",senior,13,execution,Workplace Safety Consultant for SMEs,188
crafted-provider__25_h.md,C25,crafted-gig__25_bizsafe-level-3.md,1,1a,"weak: an adjacent area or a transferable skill, not a real fit",senior,14,execution,WSH Course Trainer,189
crafted-provider__26_a.md,C26,crafted-gig__26_rooftop-solar.md,3,3a,"direct: the same kind of work on the same kind of problem, in a similar setting",mid,8,advisory,Solar Energy Consultant,215
crafted-provider__26_b.md,C26,crafted-gig__26_rooftop-solar.md,3,3b,"direct: the same kind of work on the same kind of problem, built up in a different industry",mid,7,advisory,Rooftop Solar Adviser for Buildings and Estates,189
crafted-provider__26_c.md,C26,crafted-gig__26_rooftop-solar.md,2,2a,"adjacent: same discipline, a neighbouring sub-focus",mid,7,advisory,Solar System Performance Analyst,190
crafted-provider__26_d.md,C26,crafted-gig__26_rooftop-solar.md,2,2b,"adjacent: the right skills, mostly applied to a different kind of problem",mid,8,advisory,Energy Efficiency Auditor,189
crafted-provider__26_e.md,C26,crafted-gig__26_rooftop-solar.md,0,0b,"none: shares only a tool, regulator or keyword",mid,7,advisory,Commercial Lease Adviser for Tenants,184
crafted-provider__26_f.md,C26,crafted-gig__26_rooftop-solar.md,1,1b,"weak: a generic skill (project management, data analysis, admin) with no sign of the gig's domain",mid,8,advisory,Investment Appraisal Analyst,187
crafted-provider__26_g.md,C26,crafted-gig__26_rooftop-solar.md,0,0a,none: shares only the gig's industry or setting,mid,8,advisory,ERP Consultant for Small Manufacturers,197
crafted-provider__26_h.md,C26,crafted-gig__26_rooftop-solar.md,1,1a,"weak: an adjacent area or a transferable skill, not a real fit",mid,7,advisory,Electricity Procurement Adviser,186
crafted-provider__27_a.md,C27,crafted-gig__27_befriending-outcomes.md,3,3a,"direct: the same kind of work on the same kind of problem, in a similar setting",mid,8,advisory,Programme Evaluation Consultant for Social Services,217
crafted-provider__27_b.md,C27,crafted-gig__27_befriending-outcomes.md,1,1a,"weak: an adjacent area or a transferable skill, not a real fit",mid,8,advisory,Volunteer Management Consultant,190
crafted-provider__27_c.md,C27,crafted-gig__27_befriending-outcomes.md,2,2b,"adjacent: the right skills, mostly applied to a different kind of problem",mid,7,advisory,Eldercare Quality and Outcomes Analyst,191
crafted-provider__27_d.md,C27,crafted-gig__27_befriending-outcomes.md,2,2a,"adjacent: same discipline, a neighbouring sub-focus",mid,8,advisory,Corporate Social Impact Reporting Consultant,185
crafted-provider__27_e.md,C27,crafted-gig__27_befriending-outcomes.md,0,0b,"none: shares only a tool, regulator or keyword",mid,7,advisory,Materials Impact Testing Engineer,180
crafted-provider__27_f.md,C27,crafted-gig__27_befriending-outcomes.md,3,3b,"direct: the same kind of work on the same kind of problem, built up in a different industry",mid,7,advisory,Impact Evaluation Consultant for Youth Programmes,185
crafted-provider__27_g.md,C27,crafted-gig__27_befriending-outcomes.md,0,0a,none: shares only the gig's industry or setting,mid,8,advisory,Home Safety Adviser for Seniors,191
crafted-provider__27_h.md,C27,crafted-gig__27_befriending-outcomes.md,1,1b,"weak: a generic skill (project management, data analysis, admin) with no sign of the gig's domain",mid,6,advisory,Sales Data Analyst,193
crafted-provider__28_a.md,C28,crafted-gig__28_cnc-tolerance-drift.md,1,1b,"weak: a generic skill (project management, data analysis, admin) with no sign of the gig's domain",senior,12,mixed,Quality Documentation Consultant,181
crafted-provider__28_b.md,C28,crafted-gig__28_cnc-tolerance-drift.md,0,0a,none: shares only the gig's industry or setting,senior,13,mixed,Medical Device Regulatory Affairs Specialist,185
crafted-provider__28_c.md,C28,crafted-gig__28_cnc-tolerance-drift.md,3,3a,"direct: the same kind of work on the same kind of problem, in a similar setting",senior,15,mixed,CNC Process Engineer,206
crafted-provider__28_d.md,C28,crafted-gig__28_cnc-tolerance-drift.md,2,2b,"adjacent: the right skills, mostly applied to a different kind of problem",senior,14,mixed,Injection Moulding Process Engineer,190
crafted-provider__28_e.md,C28,crafted-gig__28_cnc-tolerance-drift.md,0,0b,"none: shares only a tool, regulator or keyword",senior,12,mixed,Machine Learning Operations Engineer,186
crafted-provider__28_f.md,C28,crafted-gig__28_cnc-tolerance-drift.md,3,3b,"direct: the same kind of work on the same kind of problem, built up in a different industry",senior,16,mixed,Precision Machining Process Engineer,174
crafted-provider__28_g.md,C28,crafted-gig__28_cnc-tolerance-drift.md,2,2a,"adjacent: same discipline, a neighbouring sub-focus",senior,14,mixed,CNC Programmer and CAM Specialist,190
crafted-provider__28_h.md,C28,crafted-gig__28_cnc-tolerance-drift.md,1,1a,"weak: an adjacent area or a transferable skill, not a real fit",senior,13,mixed,Metrology and CMM Specialist,189
crafted-provider__29_a.md,C29,crafted-gig__29_partners-offsite.md,3,3a,"direct: the same kind of work on the same kind of problem, in a similar setting",expert,26,mixed,Strategy Facilitator for Professional Partnerships,205
crafted-provider__29_b.md,C29,crafted-gig__29_partners-offsite.md,1,1b,"weak: a generic skill (project management, data analysis, admin) with no sign of the gig's domain",expert,22,mixed,Conference Moderator and Emcee,190
crafted-provider__29_c.md,C29,crafted-gig__29_partners-offsite.md,1,1a,"weak: an adjacent area or a transferable skill, not a real fit",expert,22,mixed,Executive Coach for Senior Leaders,183
crafted-provider__29_d.md,C29,crafted-gig__29_partners-offsite.md,2,2a,"adjacent: same discipline, a neighbouring sub-focus",expert,23,mixed,Strategy Consultant for Professional Services Firms,190
crafted-provider__29_e.md,C29,crafted-gig__29_partners-offsite.md,0,0a,none: shares only the gig's industry or setting,expert,23,mixed,Practice Management Systems Consultant,182
crafted-provider__29_f.md,C29,crafted-gig__29_partners-offsite.md,2,2b,"adjacent: the right skills, mostly applied to a different kind of problem",expert,25,mixed,Commercial Mediator,182
crafted-provider__29_g.md,C29,crafted-gig__29_partners-offsite.md,0,0b,"none: shares only a tool, regulator or keyword",expert,22,mixed,Offsite Backup and Disaster Recovery Specialist,180
crafted-provider__29_h.md,C29,crafted-gig__29_partners-offsite.md,3,3b,"direct: the same kind of work on the same kind of problem, built up in a different industry",expert,24,mixed,Board and Founder Retreat Facilitator,169
crafted-provider__30_a.md,C30,crafted-gig__30_family-office-governance.md,2,2a,"adjacent: same discipline, a neighbouring sub-focus",expert,26,advisory,Trust and Succession Planning Adviser,180
crafted-provider__30_b.md,C30,crafted-gig__30_family-office-governance.md,0,0b,"none: shares only a tool, regulator or keyword",expert,22,advisory,Office Fit-Out Project Manager,191
crafted-provider__30_c.md,C30,crafted-gig__30_family-office-governance.md,3,3a,"direct: the same kind of work on the same kind of problem, in a similar setting",expert,25,advisory,Family Office Structuring and Governance Adviser,224
crafted-provider__30_d.md,C30,crafted-gig__30_family-office-governance.md,3,3b,"direct: the same kind of work on the same kind of problem, built up in a different industry",expert,23,advisory,Fund and Family Office Governance Adviser,184
crafted-provider__30_e.md,C30,crafted-gig__30_family-office-governance.md,1,1b,"weak: a generic skill (project management, data analysis, admin) with no sign of the gig's domain",expert,22,advisory,Fractional Chief Operating Officer,196
crafted-provider__30_f.md,C30,crafted-gig__30_family-office-governance.md,0,0a,none: shares only the gig's industry or setting,expert,23,advisory,Banking Customer Experience Consultant,182
crafted-provider__30_g.md,C30,crafted-gig__30_family-office-governance.md,1,1a,"weak: an adjacent area or a transferable skill, not a real fit",expert,24,advisory,Private Banker and Investment Adviser,188
crafted-provider__30_h.md,C30,crafted-gig__30_family-office-governance.md,2,2b,"adjacent: the right skills, mostly applied to a different kind of problem",expert,24,advisory,Corporate Governance Adviser to Listed Boards,184
