hka	https://www.hka.com/people/al-lee/
hka	https://www.hka.com/people/alan-wakim/
hka	https://www.hka.com/people/alan-whitman/
hka	https://www.hka.com/people/alasdair-mackerron/
hka	https://www.hka.com/people/ali-cherri/
hka	https://www.hka.com/people/amanda-yeo/
hka	https://www.hka.com/people/andrew-flower/
hka	https://www.hka.com/people/andrew-merrilees/
hka	https://www.hka.com/people/anh-nguyen/
hka	https://www.hka.com/people/arnold-an-ho-koh/
hka	https://www.hka.com/people/ashley-gonzalez/
hka	https://www.hka.com/people/avram-s-tucker/
hka	https://www.hka.com/people/behrang-sarrafi/
hka	https://www.hka.com/people/brad-dragoon/
hka	https://www.hka.com/people/brett-swanson/
hka	https://www.hka.com/people/brian-reimer/
hka	https://www.hka.com/people/bruno-vickers/
hka	https://www.hka.com/people/bryan-roach/
hka	https://www.hka.com/people/cameron-poth/
hka	https://www.hka.com/people/charles-bucci/
hka	https://www.hka.com/people/charles-parekh/
hka	https://www.hka.com/people/charles-wilsoncroft/
hka	https://www.hka.com/people/chelsea-cullum/
hka	https://www.hka.com/people/cheryl-a-leevan/
hka	https://www.hka.com/people/chris-clark/
hka	https://www.hka.com/people/chris-johnson/
hka	https://www.hka.com/people/christine-daul/
hka	https://www.hka.com/people/christopher-f-tierney/
hka	https://www.hka.com/people/clare-lavin/
hka	https://www.hka.com/people/claudia-obrien/
hka	https://www.hka.com/people/colin-russell/
hka	https://www.hka.com/people/corrinne-mcleish/
hka	https://www.hka.com/people/damien-beven/
hka	https://www.hka.com/people/dan-feinblum/
hka	https://www.hka.com/people/daniel-kwon/
hka	https://www.hka.com/people/david-duffus/
hka	https://www.hka.com/people/david-griffith/
hka	https://www.hka.com/people/david-paris/
hka	https://www.hka.com/people/david-ward/
hka	https://www.hka.com/people/david-whittaker/
hka	https://www.hka.com/people/debbie-ombrello/
hka	https://www.hka.com/people/derek-nelson/
hka	https://www.hka.com/people/devin-cunningham/
hka	https://www.hka.com/people/deviprasad-pentapati/
hka	https://www.hka.com/people/du-preez-kirstein/
hka	https://www.hka.com/people/duncan-grimshaw/
hka	https://www.hka.com/people/ekrem-kaya/
hka	https://www.hka.com/people/ellen-wong/
hka	https://www.hka.com/people/emyr-evans/
hka	https://www.hka.com/people/fiona-wilkie/
hka	https://www.hka.com/people/florent-myara/
hka	https://www.hka.com/people/francisco-j-matta/
hka	https://www.hka.com/people/franco-benza/
hka	https://www.hka.com/people/frank-giunta/
hka	https://www.hka.com/people/gangjin-li/
hka	https://www.hka.com/people/geo-brown/
hka	https://www.hka.com/people/geraint-williams/
hka	https://www.hka.com/people/gino-wideen/
hka	https://www.hka.com/people/graham-warren/
hka	https://www.hka.com/people/guy-lawrence/
hka	https://www.hka.com/people/hari-krishna-danda/
hka	https://www.hka.com/people/haroon-niazi/
hka	https://www.hka.com/people/helen-collie/
hka	https://www.hka.com/people/henry-spieker/
hka	https://www.hka.com/people/hilal-itani/
hka	https://www.hka.com/people/howard-gendler/
hka	https://www.hka.com/people/irma-raza/
hka	https://www.hka.com/people/jae-ellis/
hka	https://www.hka.com/people/james-dowling/
hka	https://www.hka.com/people/james-mckay/
hka	https://www.hka.com/people/james-w-jim-thomas/
hka	https://www.hka.com/people/jeff-lounsberry/
hka	https://www.hka.com/people/jeffrey-matthews/
hka	https://www.hka.com/people/jeffrey-smith/
hka	https://www.hka.com/people/jeremy-sampson/
hka	https://www.hka.com/people/jess-chong/
hka	https://www.hka.com/people/jillian-fong/
hka	https://www.hka.com/people/john-a-jack-macgiffert/
hka	https://www.hka.com/people/john-h-mctyre/
hka	https://www.hka.com/people/john-temple-cole/
hka	https://www.hka.com/people/jonathan-ellis/
hka	https://www.hka.com/people/jonathan-humphrey/
hka	https://www.hka.com/people/jordan-sandberg/
hka	https://www.hka.com/people/jose-omar-nunez/
hka	https://www.hka.com/people/juan-francisco-nasser/
hka	https://www.hka.com/people/julia-alcarez/
hka	https://www.hka.com/people/kadir-varol/
hka	https://www.hka.com/people/kelly-darroch/
hka	https://www.hka.com/people/kenneth-j-kratovil/
hka	https://www.hka.com/people/kim-beech/
hka	https://www.hka.com/people/kirsteen-cacchioli/
hka	https://www.hka.com/people/krista-haley/
hka	https://www.hka.com/people/kwe-parker/
hka	https://www.hka.com/people/lisa-allen/
hka	https://www.hka.com/people/lloyd-watson/
hka	https://www.hka.com/people/logan-patience/
hka	https://www.hka.com/people/manuela-gfrorer/
hka	https://www.hka.com/people/marian-cantrell/
hka	https://www.hka.com/people/mark-castell/
hka	https://www.hka.com/people/matt-danner/
hka	https://www.hka.com/people/matthias-cazier-darmois/
hka	https://www.hka.com/people/michael-bandemer/
hka	https://www.hka.com/people/michael-j-lasinski/
hka	https://www.hka.com/people/michael-j-wallace/
hka	https://www.hka.com/people/michael-tonkin/
hka	https://www.hka.com/people/mike-zollman/
hka	https://www.hka.com/people/mitesh-modha/
hka	https://www.hka.com/people/murray-michell/
hka	https://www.hka.com/people/nabil-al-tawil/
hka	https://www.hka.com/people/neil-mcilroy/
hka	https://www.hka.com/people/nicole-drescher/
hka	https://www.hka.com/people/nollie-wodube-mahlangeni/
hka	https://www.hka.com/people/nurul-sabri/
hka	https://www.hka.com/people/olesya-prantyuk/
hka	https://www.hka.com/people/patrick-hebreard/
hka	https://www.hka.com/people/patrick-jensen/
hka	https://www.hka.com/people/patrick-mclane/
hka	https://www.hka.com/people/paul-donato/
hka	https://www.hka.com/people/paul-pocalyko/
hka	https://www.hka.com/people/peter-caillard/
hka	https://www.hka.com/people/peter-van-gorp/
hka	https://www.hka.com/people/rachelle-jackson/
hka	https://www.hka.com/people/rahul-ratakonda/
hka	https://www.hka.com/people/ramon-de-legorburu/
hka	https://www.hka.com/people/richard-peters/
hka	https://www.hka.com/people/rocco-r-vespe/
hka	https://www.hka.com/people/ryan-hart/
hka	https://www.hka.com/people/ryan-lamotta/
hka	https://www.hka.com/people/sahand-rasouli/
hka	https://www.hka.com/people/samuel-baird/
hka	https://www.hka.com/people/seyran-celik/
hka	https://www.hka.com/people/stefan-brill/
hka	https://www.hka.com/people/stuart-ells/
hka	https://www.hka.com/people/syed-ali/
hka	https://www.hka.com/people/tal-chelouche/
hka	https://www.hka.com/people/thomas-shearn/
hka	https://www.hka.com/people/tim-hart/
hka	https://www.hka.com/people/tim-overman/
hka	https://www.hka.com/people/timothy-harwin/
hka	https://www.hka.com/people/tino-grabbert/
hka	https://www.hka.com/people/tony-mauritz/
hka	https://www.hka.com/people/tripp-chandler/
hka	https://www.hka.com/people/veronique-foulon/
hka	https://www.hka.com/people/vicki-tait/
hka	https://www.hka.com/people/vince-manuele/
hka	https://www.hka.com/people/whitney-alary/
hka	https://www.hka.com/people/william-d-guernier/
hka	https://www.hka.com/people/william-gladden/
hka	https://www.hka.com/people/william-jennings/
hka	https://www.hka.com/people/wisani-bila/
secretariat	https://secretariat-intl.com/people/alex-gisquet/
secretariat	https://secretariat-intl.com/people/amit-arora/
secretariat	https://secretariat-intl.com/people/amy-m-peevey/
secretariat	https://secretariat-intl.com/people/amy-tice/
secretariat	https://secretariat-intl.com/people/bryan-byrd/
secretariat	https://secretariat-intl.com/people/bryan-daguiar/
secretariat	https://secretariat-intl.com/people/bryan-finnerty/
secretariat	https://secretariat-intl.com/people/bryan-strohman/
secretariat	https://secretariat-intl.com/people/chase-bolling/
secretariat	https://secretariat-intl.com/people/chris-boyd/
secretariat	https://secretariat-intl.com/people/chris-brindisi/
secretariat	https://secretariat-intl.com/people/chris-milburn/
secretariat	https://secretariat-intl.com/people/chris-riper/
secretariat	https://secretariat-intl.com/people/chris-sullivan/
secretariat	https://secretariat-intl.com/people/christian-chaney/
secretariat	https://secretariat-intl.com/people/christopher-thomas/
secretariat	https://secretariat-intl.com/people/daisy-mao/
secretariat	https://secretariat-intl.com/people/dan-clark/
secretariat	https://secretariat-intl.com/people/danny-perkins/
secretariat	https://secretariat-intl.com/people/david-argue/
secretariat	https://secretariat-intl.com/people/david-mantel/
secretariat	https://secretariat-intl.com/people/drew-baiter/
secretariat	https://secretariat-intl.com/people/dustin-bell/
secretariat	https://secretariat-intl.com/people/erica-greulich/
secretariat	https://secretariat-intl.com/people/farheen-khan/
secretariat	https://secretariat-intl.com/people/gareth-crichton/
secretariat	https://secretariat-intl.com/people/gareth-mcdermott/
secretariat	https://secretariat-intl.com/people/gerry-fujimoto/
secretariat	https://secretariat-intl.com/people/gray-slocum/
secretariat	https://secretariat-intl.com/people/greg-crouse/
secretariat	https://secretariat-intl.com/people/gregory-gorbett/
secretariat	https://secretariat-intl.com/people/harshal-doshi/
secretariat	https://secretariat-intl.com/people/haylee-bacik/
secretariat	https://secretariat-intl.com/people/howard-rosen/
secretariat	https://secretariat-intl.com/people/howard-rosenkrantz/
secretariat	https://secretariat-intl.com/people/huy-dang/
secretariat	https://secretariat-intl.com/people/irem-aksay/
secretariat	https://secretariat-intl.com/people/ishmael-smith/
secretariat	https://secretariat-intl.com/people/ivy-tse/
secretariat	https://secretariat-intl.com/people/jacob-edge/
secretariat	https://secretariat-intl.com/people/jared-schwartz/
secretariat	https://secretariat-intl.com/people/jeffrey-opgrand/
secretariat	https://secretariat-intl.com/people/jennifer-chan/
secretariat	https://secretariat-intl.com/people/jennifer-hulst/
secretariat	https://secretariat-intl.com/people/jennifer-light/
secretariat	https://secretariat-intl.com/people/jerry-carpenter/
secretariat	https://secretariat-intl.com/people/jim-vint/
secretariat	https://secretariat-intl.com/people/john-little/
secretariat	https://secretariat-intl.com/people/jonathan-walker/
secretariat	https://secretariat-intl.com/people/justin-dominguez/
secretariat	https://secretariat-intl.com/people/kaarle-rautio/
secretariat	https://secretariat-intl.com/people/kagan-aktas/
secretariat	https://secretariat-intl.com/people/kane-so/
secretariat	https://secretariat-intl.com/people/kate-spellane/
secretariat	https://secretariat-intl.com/people/kathryn-murdock/
secretariat	https://secretariat-intl.com/people/kevin-hallett/
secretariat	https://secretariat-intl.com/people/kevin-maxson/
secretariat	https://secretariat-intl.com/people/kiran-sequeira/
secretariat	https://secretariat-intl.com/people/lizette-martinez/
secretariat	https://secretariat-intl.com/people/madhumita-akhuli/
secretariat	https://secretariat-intl.com/people/maria-el-asmar/
secretariat	https://secretariat-intl.com/people/mark-fecke/
secretariat	https://secretariat-intl.com/people/mark-hammad/
secretariat	https://secretariat-intl.com/people/mark-j-genenbacher/
secretariat	https://secretariat-intl.com/people/meera-ravikumar/
secretariat	https://secretariat-intl.com/people/michael-koenig/
secretariat	https://secretariat-intl.com/people/miroslav-moutaftchiev/
secretariat	https://secretariat-intl.com/people/mrinal-jain/
secretariat	https://secretariat-intl.com/people/natasha-willicombe/
secretariat	https://secretariat-intl.com/people/panos-dimitrellos/
secretariat	https://secretariat-intl.com/people/paul-kelly/
secretariat	https://secretariat-intl.com/people/peter-van-der-schans/
secretariat	https://secretariat-intl.com/people/philip-nelson/
secretariat	https://secretariat-intl.com/people/pratik-urkude/
secretariat	https://secretariat-intl.com/people/rachid-saad/
secretariat	https://secretariat-intl.com/people/raina-shah/
secretariat	https://secretariat-intl.com/people/raja-arumugam/
secretariat	https://secretariat-intl.com/people/rick-eichmann/
secretariat	https://secretariat-intl.com/people/robert-speakman/
secretariat	https://secretariat-intl.com/people/rodrigue-karam/
secretariat	https://secretariat-intl.com/people/ryan-murphy/
secretariat	https://secretariat-intl.com/people/ryan-sullivan/
secretariat	https://secretariat-intl.com/people/sam-slusher/
secretariat	https://secretariat-intl.com/people/samantha-iyengar/
secretariat	https://secretariat-intl.com/people/samuel-lawton/
secretariat	https://secretariat-intl.com/people/sarahann-rackl/
secretariat	https://secretariat-intl.com/people/sean-dudley/
secretariat	https://secretariat-intl.com/people/sean-lim/
secretariat	https://secretariat-intl.com/people/stephen-weatherseed/
secretariat	https://secretariat-intl.com/people/steven-schwartz/
secretariat	https://secretariat-intl.com/people/ted-scott/
secretariat	https://secretariat-intl.com/people/terry-hawkins/
secretariat	https://secretariat-intl.com/people/tiffany-cruz-oates/
secretariat	https://secretariat-intl.com/people/tom-hawkins/
secretariat	https://secretariat-intl.com/people/tony-kwok/
secretariat	https://secretariat-intl.com/people/tony-nedinsky/
secretariat	https://secretariat-intl.com/people/varun-dhawan/
secretariat	https://secretariat-intl.com/people/wei-tan/
secretariat	https://secretariat-intl.com/people/zach-ohara/
secretariat	https://secretariat-intl.com/people/zackery-kilgore/
brookesbell	https://www.brookesbell.com/about-us/the-team/abid-gul/
brookesbell	https://www.brookesbell.com/about-us/the-team/adrian-scales/
brookesbell	https://www.brookesbell.com/about-us/the-team/alan-smaridge/
brookesbell	https://www.brookesbell.com/about-us/the-team/alistair-roaf/
brookesbell	https://www.brookesbell.com/about-us/the-team/amanda-smith/
brookesbell	https://www.brookesbell.com/about-us/the-team/andrew-kingshott/
brookesbell	https://www.brookesbell.com/about-us/the-team/andrew-page/
brookesbell	https://www.brookesbell.com/about-us/the-team/andrew-waller/
brookesbell	https://www.brookesbell.com/about-us/the-team/andrew-yarwood/
brookesbell	https://www.brookesbell.com/about-us/the-team/anthony-york/
brookesbell	https://www.brookesbell.com/about-us/the-team/arron-jackaman/
brookesbell	https://www.brookesbell.com/about-us/the-team/ben-marray/
brookesbell	https://www.brookesbell.com/about-us/the-team/bryan-ward/
brookesbell	https://www.brookesbell.com/about-us/the-team/caroline-young-1/
brookesbell	https://www.brookesbell.com/about-us/the-team/caspar-lavall/
brookesbell	https://www.brookesbell.com/about-us/the-team/chris-williams/
brookesbell	https://www.brookesbell.com/about-us/the-team/chukwudera-egemonye/
brookesbell	https://www.brookesbell.com/about-us/the-team/conan-odriscoll/
brookesbell	https://www.brookesbell.com/about-us/the-team/connor-browne/
brookesbell	https://www.brookesbell.com/about-us/the-team/daniel-millett/
brookesbell	https://www.brookesbell.com/about-us/the-team/david-edwards/
brookesbell	https://www.brookesbell.com/about-us/the-team/david-ireland/
brookesbell	https://www.brookesbell.com/about-us/the-team/david-moore/
brookesbell	https://www.brookesbell.com/about-us/the-team/david-scruton/
brookesbell	https://www.brookesbell.com/about-us/the-team/dhaneshwar-nath/
brookesbell	https://www.brookesbell.com/about-us/the-team/dominic-bell/
brookesbell	https://www.brookesbell.com/about-us/the-team/erik-oberlin/
brookesbell	https://www.brookesbell.com/about-us/the-team/fergus-mcculloch/
brookesbell	https://www.brookesbell.com/about-us/the-team/graeme-bowles/
brookesbell	https://www.brookesbell.com/about-us/the-team/harith-altuma/
brookesbell	https://www.brookesbell.com/about-us/the-team/hisyam-haron/
brookesbell	https://www.brookesbell.com/about-us/the-team/holly-edwards/
brookesbell	https://www.brookesbell.com/about-us/the-team/ian-moody/
brookesbell	https://www.brookesbell.com/about-us/the-team/ivan-todorov/
brookesbell	https://www.brookesbell.com/about-us/the-team/john-gibson/
brookesbell	https://www.brookesbell.com/about-us/the-team/joshua-mccready/
brookesbell	https://www.brookesbell.com/about-us/the-team/judith-fergus/
brookesbell	https://www.brookesbell.com/about-us/the-team/kai-aamlid/
brookesbell	https://www.brookesbell.com/about-us/the-team/kaitn-walker/
brookesbell	https://www.brookesbell.com/about-us/the-team/karley-smith/
brookesbell	https://www.brookesbell.com/about-us/the-team/karwei-so/
brookesbell	https://www.brookesbell.com/about-us/the-team/leanne-jones/
brookesbell	https://www.brookesbell.com/about-us/the-team/lee-lewtas/
brookesbell	https://www.brookesbell.com/about-us/the-team/luis-guarin/
brookesbell	https://www.brookesbell.com/about-us/the-team/luke-kieran/
brookesbell	https://www.brookesbell.com/about-us/the-team/luke-swords/
brookesbell	https://www.brookesbell.com/about-us/the-team/mackenzie-james/
brookesbell	https://www.brookesbell.com/about-us/the-team/manindera-singh/
brookesbell	https://www.brookesbell.com/about-us/the-team/marcelo-rodrigues/
brookesbell	https://www.brookesbell.com/about-us/the-team/martin-jonas/
brookesbell	https://www.brookesbell.com/about-us/the-team/martin-twomey/
brookesbell	https://www.brookesbell.com/about-us/the-team/michael-banning/
brookesbell	https://www.brookesbell.com/about-us/the-team/michael-tynan/
brookesbell	https://www.brookesbell.com/about-us/the-team/neo-beng-kiong/
brookesbell	https://www.brookesbell.com/about-us/the-team/nicholas-crouch/
brookesbell	https://www.brookesbell.com/about-us/the-team/nick-doherty/
brookesbell	https://www.brookesbell.com/about-us/the-team/patrick-barker/
brookesbell	https://www.brookesbell.com/about-us/the-team/patrick-yeoward/
brookesbell	https://www.brookesbell.com/about-us/the-team/paul-ayres/
brookesbell	https://www.brookesbell.com/about-us/the-team/peter-bartlett/
brookesbell	https://www.brookesbell.com/about-us/the-team/phiroz-engineer/
brookesbell	https://www.brookesbell.com/about-us/the-team/ray-luukas/
brookesbell	https://www.brookesbell.com/about-us/the-team/rushdie-rasheed/
brookesbell	https://www.brookesbell.com/about-us/the-team/sam-clarke/
brookesbell	https://www.brookesbell.com/about-us/the-team/sandy-polak/
brookesbell	https://www.brookesbell.com/about-us/the-team/simon-mackay/
brookesbell	https://www.brookesbell.com/about-us/the-team/team-member/
brookesbell	https://www.brookesbell.com/about-us/the-team/tim-moss/
brookesbell	https://www.brookesbell.com/about-us/the-team/tom-ainsley/
brookesbell	https://www.brookesbell.com/about-us/the-team/volodymyr-petrov/
brookesbell	https://www.brookesbell.com/about-us/the-team/wen-li/
brookesbell	https://www.brookesbell.com/about-us/the-team/yvonne-tung/
chartis	https://www.chartis.com/about/our-people/alexander-segal
chartis	https://www.chartis.com/about/our-people/andrew-berkman
chartis	https://www.chartis.com/about/our-people/angelica-purpura
chartis	https://www.chartis.com/about/our-people/ann-boyer
chartis	https://www.chartis.com/about/our-people/ann-smedley-bsn-rn-bc-hacp-cms
chartis	https://www.chartis.com/about/our-people/barclay-nothaus
chartis	https://www.chartis.com/about/our-people/cherilyn-ashlock-dnp-rn-ne-bc
chartis	https://www.chartis.com/about/our-people/david-sekar
chartis	https://www.chartis.com/about/our-people/deborah-johnson
chartis	https://www.chartis.com/about/our-people/emily-nevarez
chartis	https://www.chartis.com/about/our-people/erin-svarvari
chartis	https://www.chartis.com/about/our-people/frank-venus
chartis	https://www.chartis.com/about/our-people/giselle-dagostino
chartis	https://www.chartis.com/about/our-people/holly-veroneau
chartis	https://www.chartis.com/about/our-people/ian-stone
chartis	https://www.chartis.com/about/our-people/isaac-squyres
chartis	https://www.chartis.com/about/our-people/jackie-allard
chartis	https://www.chartis.com/about/our-people/jake-schreiber
chartis	https://www.chartis.com/about/our-people/james-cervantes
chartis	https://www.chartis.com/about/our-people/jana-atwell
chartis	https://www.chartis.com/about/our-people/jeremy-sherman
chartis	https://www.chartis.com/about/our-people/jody-cervenak
chartis	https://www.chartis.com/about/our-people/john-capalbo
chartis	https://www.chartis.com/about/our-people/joseph-clancy
chartis	https://www.chartis.com/about/our-people/kari-hutchison-rn
chartis	https://www.chartis.com/about/our-people/kim-fox
chartis	https://www.chartis.com/about/our-people/kirsten-bickford
chartis	https://www.chartis.com/about/our-people/kristin-craig
chartis	https://www.chartis.com/about/our-people/kristin-kellas
chartis	https://www.chartis.com/about/our-people/kristin-manzi
chartis	https://www.chartis.com/about/our-people/latonya-oneal
chartis	https://www.chartis.com/about/our-people/laurie-maxwell-arnp-bc-ne-bc-cphq-cen
chartis	https://www.chartis.com/about/our-people/mary-ann-zarkin
chartis	https://www.chartis.com/about/our-people/mary-lee
chartis	https://www.chartis.com/about/our-people/mary-van-den-avond
chartis	https://www.chartis.com/about/our-people/matt-krizmanich
chartis	https://www.chartis.com/about/our-people/melanie-pinette
chartis	https://www.chartis.com/about/our-people/meredith-deal
chartis	https://www.chartis.com/about/our-people/michael-topchik
chartis	https://www.chartis.com/about/our-people/mick-coady
chartis	https://www.chartis.com/about/our-people/mike-schwob
chartis	https://www.chartis.com/about/our-people/milli-vincent
chartis	https://www.chartis.com/about/our-people/nate-defanti
chartis	https://www.chartis.com/about/our-people/neil-precilio
chartis	https://www.chartis.com/about/our-people/nicole-schneider
chartis	https://www.chartis.com/about/our-people/rachel-bienemann
chartis	https://www.chartis.com/about/our-people/rachel-zellman
chartis	https://www.chartis.com/about/our-people/robert-faix
chartis	https://www.chartis.com/about/our-people/sachin-sharma
chartis	https://www.chartis.com/about/our-people/sandra-guillaume
chartis	https://www.chartis.com/about/our-people/sarah-getachew
chartis	https://www.chartis.com/about/our-people/serdar-uckun
chartis	https://www.chartis.com/about/our-people/shaifali-ray
chartis	https://www.chartis.com/about/our-people/stephanie-hines
chartis	https://www.chartis.com/about/our-people/steve-prosser
chartis	https://www.chartis.com/about/our-people/sylvie-cohen
chartis	https://www.chartis.com/about/our-people/terri-carbone-rna
chartis	https://www.chartis.com/about/our-people/tiara-jones
chartis	https://www.chartis.com/about/our-people/travis-ish
chartis	https://www.chartis.com/about/our-people/wade-wimer
