hirer_id,gig_id,gig_title,short_gig_description,category,specialisation,search_tags,review_flag,source_row,source_file
H001,G001,Assess AI Workflow for Content Localization,We are a mid-sized personal care brand in Paya Lebar producing content for three regional markets. Our current manual process takes weeks per campaign and results in inconsistent quality across brands. We need a specialist to review our existing content workflow and test how AI tools can handle copy generation and asset resizing. The goal is to identify where automation can cut production time without breaking brand compliance. Deliverable: written assessment of AI integration opportunities and a prioritised implementation plan. Engagement duration: 4-6 weeks.,Infocomm Technology | Retail,Data and Artificial Intelligence | Brand Management,Data and Artificial Intelligence (Infocomm Technology) | Brand Management (Retail),,571,publicissapient.com__customers_stories_cpg-bodhi-content-supply-chain.md
H002,G002,Design Month-End Close Process for Impact Investor,"We are a mid-sized impact investment firm in Singapore with about 35 staff, managing S$170 million in assets. We’re transitioning from external support to building our own finance function and need to set up a reliable month-end close process quickly. We want someone to design a streamlined, compliant month-end close workflow using a pre-configured ERP system, ensuring accurate reporting and audit readiness. The process must handle multi-jurisdictional requirements and integrate with our existing systems. Deliverable: documented month-end close process with roles, timelines, system steps, and compliance checks. Engagement duration: 3-5 weeks.",Accountancy | Financial Services,Financial Accounting | Operations,Financial Accounting (Accountancy) | Operations (Financial Services),,1,ey.com__en_gl_insights_managed-services_blue-earth-capital-built-finance-function-at-speed.md
H003,G003,Set Up Month-End Close Process for New Biopharma Entity,"We are a newly incorporated biopharmaceutical company in Singapore, focusing on biobanking and bioprocessing. Having just carved out from an academic partner, we need to be operational on Day One with robust financial controls to support our aggressive growth plans. We have no in-house accounting team and need an external specialist to establish our core financial processes. The scope covers designing and implementing the month-end close procedure, setting up the chart of accounts, and configuring our accounting software to handle revenue recognition for our service contracts. Deliverable: A working month-end close procedure and configured accounting system ready for the first reporting cycle. Engagement duration: 4-6 weeks.",Accountancy | Infocomm Technology,Financial Accounting | Software and Applications,Financial Accounting (Accountancy) | Software and Applications (Infocomm Technology),,767,rsmus.com__insights_services_managed-services_financial-outsourcing-provides-bedrock-for-future-expansion-of-g-html.md
H004,G004,Design Rail Operations Cloud Migration on Azure,"We are a 450-person intermediate switching terminal railway operator in Singapore. Our current railcar operations system, built on AS/400 and COBOL, is over-engineered and expensive to maintain, with data access and reporting taking far too long. We are moving to a cloud-based platform on Azure to reduce downtime and improve yard efficiency, but we need help structuring the transition. We need a specialist to design the migration strategy for this specific application, ensuring we can release all functionality at once with minimal impact on day-to-day operations. Deliverable: A technical migration plan for the Azure deployment. Engagement duration: 4-6 weeks.",Infocomm Technology | Public Transport,Infrastructure | Rail Operations,Infrastructure (Infocomm Technology) | Rail Operations (Public Transport),Implausible setting: a 450-person 'intermediate switching terminal railway operator' (a US short-line rail concept) has no Singapore equivalent.,273,bdo.com__insights_digital_belt-railway-of-chicago-goes-full-steam-ahead-on-digital-transformation-with-bdo-digital.md
H005,G005,Draft Data Processing Agreements for Insurance Agency,"We’re a general insurance agency in Singapore with 40 staff, and our privacy team is stretched thin as we need to update our data processing agreements for new cyber regulations. We need someone to draft and review 20-30 Data Processing Agreements (DPAs) using our existing privacy templates, ensuring compliance with MAS and PDPA requirements. The specialist will work with our information security team to align the DPAs with our current data handling practices. Deliverable: completed DPAs and a brief summary of compliance checks. Engagement duration: 3-5 weeks.",Financial Services | Legal Services,"Risk, Compliance and Legal | Advisory and Advocacy","Risk, Compliance and Legal (Financial Services) | Advisory and Advocacy (Legal Services)",,1148,axiomlaw.com__resources_case-studies_insurance-company-ensures-cybersecurity-compliance.md
H006,G006,Implement MDR Solution for Hybrid IT Environment,"We are a mid-sized asset management firm in Singapore with 25 staff, managing client portfolios and financial data. Our in-house IT team is stretched thin and lacks dedicated security expertise. We’ve tried several SIEM and EDR tools, but they generate too many false positives and don’t integrate well, leaving us with no unified view of threats. We need someone to help us implement a managed detection and response (MDR) solution that gives us centralized visibility, 24/7 monitoring, and historical log retention for up to 12 months. The solution must integrate with our hybrid environment, including on-premises systems and Microsoft 365. Deliverable: fully implemented MDR platform with unified threat visibility, integrated monitoring, and documented configuration. Engagement duration: 6-8 weeks.",Infocomm Technology,Cyber Security,Cyber Security (Infocomm Technology),,880,kroll.com__en_publications_cyber_case-studies_enhancing-security-visibility-leading-asset-management-firm.md
H007,G007,Document Current Financial Close Process,"We are the finance team at a mid-sized IT services firm in Singapore. We recently upgraded to SAP S/4HANA, but our month-end close is still labour-intensive because our reporting process relies on manual data entry and offline Excel manipulation. We need a specialist to map our current record-to-report workflow, identifying specific data challenges and redundant steps. Deliverable: a documented current-state process map highlighting inefficiencies. Engagement duration: 2-3 weeks.",Accountancy,Financial Accounting | Management Accounting,Financial Accounting (Accountancy) | Management Accounting (Accountancy),,134,kpmg.com__us_en_how-we-work_client-stories_reporting-insights-accelerated-html.md
H008,G008,Consumer Validation for Premium Cheese Subscription,"We are a small dairy co-op in the West of Singapore looking to diversify our revenue away from bulk milk sales. We have a concept for a premium direct-to-consumer cheese subscription service but need to validate demand before building the brand. We need a specialist to conduct on-the-ground consumer research, develop five distinct business concepts, and test their viability. This involves creating prototype landing pages and running targeted social media campaigns to track user interaction, click-through rates, and sign-up intent across the five concepts. Deliverable: A data-led report ranking the five concepts by viability, highlighting the strongest option for market entry. Engagement duration: 3-4 weeks.",Retail | Food Manufacturing,Marketing | Business Development,Marketing (Retail) | Business Development (Food Manufacturing),"Implausible setting: Singapore has almost no dairy farming, so a dairy co-op diversifying from 'bulk milk sales' doesn't fit.",92,ey.com__en_gl_insights_consulting_how-to-launch-a-sustainable-direct-to-consumer-business-in-no-time.md
H009,G009,Develop Circular Economy Framework for E-Waste Reverse Supply Chain,"We are a mid-sized electronics manufacturer in Singapore with 150 staff, producing consumer devices and managing end-of-life product returns. We need to strengthen oversight of our reverse supply chain vendors to ensure responsible e-waste handling and compliance with environmental standards. We’re looking for someone to design a circular economy framework that assesses vendor compliance, transparency, and sustainability impacts. This includes defining audit criteria, setting up a vendor scoring system, and aligning with our annual Sustainability Impact Report. Deliverable: comprehensive circular economy framework document with vendor assessment criteria and KPIs. Engagement duration: 6-8 weeks.",Environmental Services | Accountancy,Materials Recovery | Sustainability Reporting and Assurance,Materials Recovery (Environmental Services) | Sustainability Reporting and Assurance (Accountancy),,251,erm.com__projects_circular-economy-framework-development.md
H010,G010,Assess Automation Opportunities for Mobile Radiology Team,"I run a mobile radiology unit at a private multi-specialty clinic in Singapore with 25 staff. Our team spends too much time manually logging patient details and entering identifiers for each scan, which slows down patient visits. I need someone to shadow our daily workflow, map the current process, and identify where automation can save time. The goal is to reduce manual tasks so we can serve more patients without adding staff. Deliverable: report with process map, automation opportunities, and estimated time savings per scan. Engagement duration: 3-4 weeks.",Healthcare | Infocomm Technology,Operations | Software and Applications,Operations (Healthcare) | Software and Applications (Infocomm Technology),,638,grantthornton.com__insights_case-studies_healthcare_2026_automation-ai-create-savings-opportunities-for-hospital-network.md
H011,G011,Design Third-Party Risk Assessment Framework,"I run a multi-site clinic network in Singapore with about 20 practitioners. Following recent industry data breaches, we need to tighten how we assess our third-party vendors, particularly those handling patient data. We currently rely on manual self-reported surveys, which is slow and opaque. We need a specialist to define a risk assessment framework that categorises vendors by risk level and specifies the data points required for due diligence. This should prepare us to implement a digital workflow later, ensuring we can identify and prioritise high-risk partners effectively. Deliverable: a written risk assessment framework with vendor segmentation criteria and required data attributes. Engagement duration: 4-5 weeks.",Accountancy | Infocomm Technology,Enterprise Risk Management | Cyber Security,Enterprise Risk Management (Accountancy) | Cyber Security (Infocomm Technology),,119,ey.com__en_gl_insights_consulting_healthcare-company-tackling-third-party-risk-with-tech-and-data.md
H012,G012,Develop US GAAP Accounting Roadmap for Sponsorships,"We are a not-for-profit event organising committee in Singapore with a small finance team. As we grow from a startup phase to a larger operation, we are entering numerous sponsorship agreements and facility leases that require significant technical judgment under US GAAP. We need a specialist to review these complex arrangements and help us form accounting conclusions. The scope includes developing accounting models, illustrative use-case scenarios, and tailored position papers, as well as creating contract review templates for future deals. Deliverable: A toolkit including the accounting models, position papers, and review templates. Engagement duration: 4-6 weeks.",Accountancy,Financial Accounting,Financial Accounting (Accountancy),"Localisation error: a Singapore not-for-profit would report under the Charities Accounting Standard / SFRS, not US GAAP.",96,deloitte.com__us_en_what-we-do_case-studies_team-usa-la28-accounting-services-html.md
H013,G013,Design Auditable Chart of Accounts Process for Finance System,"We’re a Singapore-based asset management firm with 15 staff, and our finance team spends too much time manually updating spreadsheets for monthly reporting. Our current chart of accounts is outdated and inconsistently applied across systems, making it hard to adapt reports quickly. We need someone to redesign a common chart of accounts and build a governed, auditable process to manage and distribute changes across our two core finance systems. This includes defining roles, approval workflows, and change logging. Deliverable: documented process for chart of accounts management with workflow diagram and change log template. Engagement duration: 4-6 weeks.",Accountancy | Financial Services,Financial Accounting | Operations,Financial Accounting (Accountancy) | Operations (Financial Services),,636,grantthornton.com__insights_case-studies_asset-management_2025_global-investment-firm-reporting-and-operations.md
H014,G014,Design change activation survey for workforce transition,"We are a professional services firm with 80 staff in Paya Lebar rolling out a new strategy after a leadership change. We need to understand how teams are absorbing the new ways of working before scaling communication. Please design a short, multi-language survey to assess staff sentiment, awareness, and behavior adoption. We need the questions to identify specific barriers to adoption and key success factors like leadership commitment. We will use the results to target our engagement activities. Deliverable: a validated survey instrument with a brief on analysis method. Engagement duration: 2-3 weeks.",Human Resource,Learning and Organisation Development | Employee Experience and Relations,Learning and Organisation Development (Human Resource) | Employee Experience and Relations (Human Resource),,21,ey.com__en_au_insights_workforce_how-ey-built-a-better-working-world-with-its-people-at-the-center.md
H015,G015,Parametric Façade Design for Event Pavilion,We are the project team for a temporary event pavilion in Singapore. We need a specialist to optimise our façade design using parametric modelling to ensure the external fins provide adequate shading for the glazing. The goal is to meet strict sustainability targets for energy reduction and improve outdoor thermal comfort for visitors during the 6-month event. We also need to ensure the design supports the full deconstruction and recycling of materials once the event ends. Deliverable: a parametric façade model with performance data and a deconstruction strategy. Engagement duration: 4-6 weeks.,Built Environment,Architectural Consultancy and Design | Engineering Consultancy and Design,Architectural Consultancy and Design (Built Environment) | Engineering Consultancy and Design (Built Environment),,408,aesg.com__portfolio-item_expo-2020-emirates-pavilion.md
H016,G016,Optimize Resource Allocation for OpenShift Environment,"I run the IT operations team at a mid-sized technology firm in Singapore with 35 staff, managing a hybrid cloud environment using Red Hat OpenShift. We’re seeing growing complexity in resource allocation across our development and non-production clusters, leading to overprovisioning and inefficiency. We need someone to assess our current resource usage, identify over-allocated workloads, and recommend automation tools to right-size resources. The specialist should use real-time application data and AI-driven insights to improve efficiency without changing our existing platform. Deliverable: report with resource optimization analysis and a list of recommended automated actions. Engagement duration: 4-6 weeks.",Infocomm Technology,Infrastructure | Operations and Support,Infrastructure (Infocomm Technology) | Operations and Support (Infocomm Technology),,641,ibm.com__case-studies_cio-office-turbonomic.md
H017,G017,Review IT Vendor Contracts for Savings,"We are a mid-sized food and beverage manufacturer in Singapore facing rising IT costs and service disruptions due to a fragmented vendor landscape. Our current outsourcing agreements lack strategic alignment, leading to downtime and high operational expenses. We need an IT outsourcing specialist to assess our current vendor contracts and performance benchmarks. The specialist should identify consolidation opportunities and recommend restructuring agreements to improve efficiency and reduce waste. Deliverable: Written gap analysis and prioritised vendor consolidation plan. Engagement duration: 3-4 weeks.",Infocomm Technology,Strategy and Governance,Strategy and Governance (Infocomm Technology),,542,westmonroe.com__client-results_optimizing-it-vendors-and-cloud-solutions-saves-250-million.md
H018,G018,Asset Data Migration Plan for EAM System,"We are a facilities management team overseeing five city buildings in Singapore. We are moving from a legacy system to a cloud-based enterprise asset management platform to prepare for ISO 55001 certification. Our current records are scattered and incomplete, so we need a specialist to structure the data migration. You will review our existing asset logs, define the data hierarchy for the new system, and outline a validation process to ensure accuracy before go-live. Deliverable: a written data migration plan with a defined hierarchy and verification checklist. Engagement duration: 3-4 weeks.",Built Environment | Infocomm Technology,Facilities Management | Software and Applications,Facilities Management (Built Environment) | Software and Applications (Infocomm Technology),,1064,ibm.com__case-studies_city-of-atlanta-deam.md
H019,G019,Analyze Support Tickets for AI Automation,"We’re a customer support team at a Singapore-based infrastructure software firm. We want to see where generative AI can cut our ticket resolution time. We need a specialist to analyse our recent support ticket data to map the inputs needed for resolution and identify high-volume, repeatable queries. The goal is to define a strategy for deploying retrieval augmented generation (RAG) to help agents answer common questions faster. Deliverable: a strategy report with a prioritised list of automation opportunities and a RAG implementation plan. Engagement duration: 4-6 weeks.",Infocomm Technology,Data and Artificial Intelligence | Operations and Support,Data and Artificial Intelligence (Infocomm Technology) | Operations and Support (Infocomm Technology),,835,westmonroe.com__client-results_ai-driven-strategies-yield-26-million-in-cost-savings.md
H020,G020,Design OT Isolation Procedures for Critical Systems,"We are a mid-sized energy utility in Singapore with 150 staff, operating a regional power distribution network. As our IT and OT systems become more integrated, we need a clear, reliable way to isolate critical operational technology systems during a cyberattack. We want someone to map our network architecture, identify key isolation points, and design step-by-step procedures for both manual and automated disconnection. Deliverable: documented isolation procedures for 10 critical processes, including decision triggers and roles. Engagement duration: 4-6 weeks.",Infocomm Technology | Energy and Power,Cyber Security | Electricity Transmission and Distribution,Cyber Security (Infocomm Technology) | Electricity Transmission and Distribution (Energy and Power),,938,westmonroe.com__client-results_90-percent-faster-cyber-response-for-a-secure-grid.md
H021,G021,Develop Decision Support Tool for Rail Maintenance Data,"We are a regional rail operator in Singapore. Our maintenance teams currently struggle to make optimised renewal decisions because asset data is scattered across disparate sources. This inefficiency impacts service reliability. We need a specialist to build a Decision Support Tool (DST) dashboard that integrates these data sources. The tool must allow users to search, filter, and sort data easily, and include linear trend analysis functionality to predict potential faults. This supports our shift from time-based to condition-based maintenance. Deliverable: a functional dashboard prototype with integrated data views and trend analysis. Engagement duration: 6-8 weeks.",Infocomm Technology | Public Transport,Data and Artificial Intelligence | Rail Engineering,Data and Artificial Intelligence (Infocomm Technology) | Rail Engineering (Public Transport),Implausible setting: Singapore has no small 'regional rail operator' (rail is run by two large operators under LTA).,496,arup.com__projects_offering-rail-better-information-services-orbis.md
H022,G022,Waste Management Strategy for Residential Development,"We are a Singapore-based architectural firm currently designing a 17-building residential project with integrated retail spaces. We need to finalise the waste handling and collection strategy to ensure compliance with local sustainability regulations and best practice. The scope involves developing individual waste handling strategies for each building, designing collection points and loading bays, and recommending tri-sorter chutes for improved segregation. We also require a separate strategy for retail waste transfer to utilise existing loading areas efficiently. The design must account for local equipment availability and operational feasibility. Deliverable: a comprehensive Waste Management Strategy report with waste generation calculations and design recommendations. Engagement duration: 4-6 weeks.",Environmental Services | Built Environment,Waste Collection | Architectural Consultancy and Design,Waste Collection (Environmental Services) | Architectural Consultancy and Design (Built Environment),,748,aesg.com__portfolio-item_qariyat-al-hidd.md
H023,G023,Ecological Baseline Survey for Urban Road Project,"We are a private developer preparing a major infrastructure application in Singapore. Before submitting the Environmental Impact Assessment, we need a clear baseline of the existing ecology along our corridor. We require a specialist to conduct site visits to record flora and fauna, focusing on any species of conservation concern under the National Parks Board guidelines. This data is essential to justify our proposed mitigation measures in the application. Deliverable: a detailed ecological baseline report with species counts and location data. Engagement duration: 4-6 weeks.",Environmental Services,"Environment, Health and Safety","Environment, Health and Safety (Environmental Services)","Implausible setting: public road corridors in Singapore are delivered by LTA, not private developers. Taxonomy gap: SkillsFuture has no ecology track.",556,erm.com__projects_case-study-hs2-ltd.md
H024,G024,Automate Medical Financial Assistance Application Process,"I run a revenue cycle management firm with about 40 staff in Singapore. Our clients, mainly small private hospitals, tell us that processing financial assistance applications is a bottleneck because it relies on manual paperwork and phone calls. We need to cut this administrative cost, which currently consumes too many staff hours, to aim for a 90% reduction. Please design a cloud-based workflow using .NET and Azure that allows patients to submit requests via a web portal or phone using voice recognition, bypassing manual data entry. Deliverable: Technical design document for the automated financial assistance module. Engagement duration: 4-6 weeks.",Infocomm Technology | Healthcare,Software and Applications | Operations,Software and Applications (Infocomm Technology) | Operations (Healthcare),,505,bdo.com__insights_digital_hollis-cobb-creates-solutions-with-bdo-digital-to-help-transform-the-medical-industry.md
H025,G025,GenAI Workflow Design for Clinical Marketing,"We are a mid-sized pharmaceutical marketing team in Singapore supporting a portfolio of three therapeutic brands. Our current outsourcing model for campaign content is too slow, leading to missed launch windows and inconsistent messaging across channels. We need a specialist to map our existing content workflow and design a GenAI-assisted process for generating and localising banner ads, emails, and display assets. This should address our need to repurpose existing creative and tailor messaging for regional audiences without building a full platform. Deliverable: a workflow design document with a pilot plan for one brand’s campaign. Engagement duration: 3-4 weeks.",Media | Infocomm Technology,Content Production and Management | Data and Artificial Intelligence,Content Production and Management (Media) | Data and Artificial Intelligence (Infocomm Technology),,858,publicissapient.com__work_empowering-healthcare-marketing-with-genai.md
H026,G026,Sell-Side Valuation for Auto Parts Division,We are a Singapore-based automotive parts manufacturer with about 60 staff. We are planning to sell our thermal management division to a private equity firm and need an independent valuation to determine the asking price. Please review our division's financials and market position to support the negotiation with the buyer. Deliverable: a valuation report with a recommended price range. Engagement duration: 4-6 weeks.,Accountancy,Business Valuation | Mergers and Acquisitions,Business Valuation (Accountancy) | Mergers and Acquisitions (Accountancy),,1174,kroll.com__en_transactions_sell-side-advisor-arlington-industries.md
H027,G027,OT Security Risk Assessment for Bank Data Centre,"A bank with a data centre in Singapore is reviewing its Operational Technology (OT) security maturity. The facility relies on building automation and environmental control systems for power and cooling, but asset visibility is incomplete and legacy controls lack adequate governance. The team needs an independent specialist to assess these risks without disrupting business continuity. The work covers a structured assessment of the data centre’s OT architecture and building management systems, benchmarked against NIST 800-82 standards. It includes stakeholder interviews, policy evaluation, and passive network traffic analysis to identify exposed services or insecure communications. The specialist must work within change-freeze windows to ensure safety and uptime. Deliverable: written OT risk assessment report with architectural review and prioritised remediation actions. Engagement duration: 4-5 weeks.",Infocomm Technology | Built Environment,Cyber Security | Facilities Management,Cyber Security (Infocomm Technology) | Facilities Management (Built Environment),"Style: written in third person ('A bank ...'), unlike the client's first-person gigs; a bank is also not an SME hirer.",936,kroll.com__en_publications_cyber_case-studies_strengthening-critical-ot-infrastructure-security-major-bank.md
H028,G028,Design Performance Reporting Dashboard for Mental Health Grants,"We are a social enterprise supporting community mental health programs in Singapore, managing a portfolio of discretionary grants similar to federal behavioral health initiatives. We currently struggle to track performance metrics across grantees because our reporting system lacks user-friendly visualization. We need a specialist to review our current data collection workflow and design a conceptual dashboard structure that allows program officers to easily monitor trends and generate ad hoc reports. Deliverable: a wireframe prototype and functional specification for a grant performance monitoring dashboard. Engagement duration: 4-5 weeks.",Infocomm Technology | Social Service,Data and Artificial Intelligence | Care and Programme,Data and Artificial Intelligence (Infocomm Technology) | Care and Programme (Social Service),Localisation leak: 'similar to federal behavioral health initiatives' is a US reference.,1101,mathematica.org__projects_samhsa-performance-accountability-and-reporting-system.md
H029,G029,AI-Assisted Document Review for Legal Dispute,"We are a Singapore-based consumer products company with 40 staff facing a complex commercial dispute over brand misuse and contractual payments. We need to review an initial dataset of about 80,000 emails and documents to support our legal defence. We require a specialist to deploy Relativity aiR for Review to perform the first-pass review, including prompt development, tuning with our legal terms, and statistically validating the AI's performance to ensure legal defensibility. This will significantly reduce the volume of documents requiring manual human review. Deliverable: validated AI review workflow and reduced document set ready for legal counsel. Engagement duration: 4-6 weeks.",Legal Services | Infocomm Technology,Advisory and Advocacy | Data and Artificial Intelligence,Advisory and Advocacy (Legal Services) | Data and Artificial Intelligence (Infocomm Technology),,389,kroll.com__en_publications_cyber_case-studies_ai-deep-discovery-expertise-to-enhance-legal-defensibility.md
H030,G030,Real Estate Lease Review for Office Expansion,"I run a mid-sized technology services firm in Singapore with 40 staff. We are moving to a new office and need an external specialist to review our proposed lease agreement before we sign. We don't have in-house legal expertise for property matters, and we want to ensure the terms are fair and standard for the local market. Please check the lease for any unusual clauses, hidden fees, or onerous obligations regarding fit-outs and maintenance. Deliverable: a concise written memo highlighting key risks, ambiguous terms, and recommended negotiation points. Engagement duration: 2-3 weeks.",Legal Services,Advisory and Advocacy,Advisory and Advocacy (Legal Services),,1115,axiomlaw.com__resources_case-studies_technology-conglomerate-real-estate-support.md
