source_file,extracted_by_model,source_company,source_company_team,hire_title,hire_description,hire_description_additional_notes,classify_label,extracted_at
pwc.com__gx_en_about_case-studies_pwc-sap-4-hana-alliance-one-shipping-case-study-html.md,llama3.1:8b,PwC,,SAP S/4HANA Implementation Specialist for Mergers & Acquisitions,"We are seeking a SAP S/4HANA implementation specialist to help large shipping companies navigate complex post-merger digital transformations. The ideal candidate will have experience with SAP S/4HANA and has successfully implemented ERP systems in multi-country environments, particularly in the context of mergers and acquisitions.

Key responsibilities include:
* Conducting a thorough assessment of the client's current finance system to identify areas for improvement
* Developing a comprehensive implementation plan that takes into account cultural differences and regulatory requirements across multiple countries
* Collaborating closely with internal stakeholders and IT teams to ensure smooth project execution and user adoption
* Implementing SAP S/4HANA ReFX and IFRS16 lease accounting compliance within an aggressive timeline of 5-8 months",,HIRER,2026-09-11T20:02:30
ey.com__en_gl_insights_energy-resources_how-ai-drove-data-optimization-for-oil-and-gas-capital-projects.md,qwen3.6:27b,EY,,Develop AI solution for engineering requirements rewriting and metadata tagging,"Develop an AI-based workflow to automate the rewriting and metadata tagging of 750 engineering documents. Requirements include: 
- Rewrite requirement statements using INCOSE and EARS standards.
- Assign metadata tags from a hierarchical taxonomy of over 1,000 options.
- Create cross-references and identify similar requirements.
- Implement via a web application using Generative AI and vector databases.",Discipline engineers can dedicate only 20% of their time to validation. Solution must adhere to responsible AI governance principles.,HIRER,2026-09-11T20:02:47
ey.com__en_gl_insights_managed-services_blue-earth-capital-built-finance-function-at-speed.md,qwen3.6:27b,EY,Finance Managed Services,Implement managed finance function with ERP integration and multi-jurisdictional compliance,"We are an impact investment firm with $1.7B in AUM that recently transitioned to an independent operating structure. We need to establish a fully functioning finance organization in under six months while keeping internal resources focused on investment growth. The solution must be cost-effective, scalable, and compliant across multiple jurisdictions.

Scope of work includes:
- Conduct a gap-fit analysis to recommend rapid data migration and onboarding solutions without lengthy system implementation.
- Deploy a pre-configured enterprise resource planning (ERP) system with standardized processes for transaction processing and management reporting.
- Provide specialized support for statutory and tax requirements across local jurisdictions via country specialists.
- Ensure audit readiness and reliable controls from day one to meet strict impact reporting standards.",Timeline: Under six months for full function establishment. Seniority: Partner-led engagement with cross-domain professionals and country specialists. Budget: Must be cost-effective to avoid heavy internal build-out costs.,HIRER,2026-09-11T20:02:50
ey.com__en_gl_insights_ai_case-study-how-ey-transformed-with-ai.md,llama3.1:8b,EY,EY Global Tech & Data Team,AI Transformation Consultant: Responsible AI for Business,"Transform a business through responsible AI adoption, leveraging EY's expertise in AI transformation. Develop strategic pathways to navigate the complexities of AI change with confidence and precision. Identify key areas for improvement and implement solutions that promote humans-at-the-center transformation approach.",,HIRER,2026-09-11T20:02:54
ey.com__en_gl_insights_banking-capital-markets_how-tax-managed-services-can-accelerate-banks-transformation.md,qwen3.6:27b,EY,,Tax and Finance Managed Services Transition and Transformation Consultant,"We require a specialist to transition our in-house tax and finance functions to a managed services model. The scope includes: - Assessing current operations to identify transferable core elements. - Migrating financial data to a secure, technology-enabled environment, including cleaning and restructuring for multi-purpose use. - Designing a transformation plan that enhances operational resilience, risk profile, and governance while reducing cost pressure.",,HIRER,2026-09-11T20:02:59
ey.com__en_gl_insights_managed-services_how-a-bold-strategy-helped-a-reinsurer-enter-the-market.md,llama3.1:8b,,,Managed Finance and Operations Transformation Specialist,"Transform complex life reinsurance companies' finance and operations infrastructure through outsourcing key functions to a trusted partner. Establish robust governance frameworks, scalable systems, and provide end-to-end support for rapid growth and compliance.","
    The ideal candidate will have knowledge of advanced cloud-based technologies (e.g. SAP S/4HANA) and experience in delivering integrated finance managed services across accounting, FP&A, tax, investment accounting, and actuarial and valuations support.

    The engagement will involve collaborating with a small team to stand up a fully operational platform in record time (6-9 months), with potential for future scale-ups.
  ",HIRER,2026-09-11T20:03:02
ey.com__en_gl_insights_workforce_how-ey-built-a-better-working-world-with-its-people-at-the-center.md,llama3.1:8b,EY Global,,People-Centered Change Management Consultant for Large Organizations,"We're seeking a consultant to help our clients transform their organizations through a people-centered approach. The ideal candidate will have experience in delivering successful change management programs, leveraging data and analytics to inform strategic decisions, and designing innovative activation experiences to drive adoption.

Key requirements include:

* Developing and implementing customized change management strategies that prioritize employee engagement and adoption
* Utilizing data and analytics tools to measure the effectiveness of change initiatives and identify areas for improvement
* Collaborating with senior business leaders to design and deliver impactful communication and activation plans

The ideal candidate will have experience working with large, global organizations and a track record of delivering successful transformation programs. Proven expertise in people-centered change management, data-driven decision making, and innovative engagement strategies is essential.",,HIRER,2026-09-11T20:03:18
pwc.com__gx_en_services_legal-business-solutions_case-study-digital-transformation-global-shipping-html.md,qwen3.6:27b,PwC,Global Legal Network,Legal consultant for cross-border antitrust clearances and JV structuring,"We need legal counsel to structure a non-profit joint venture for a global blockchain trade data utility in the shipping industry. The scope includes advising on the optimal entity structure to minimize regulatory hurdles and securing antitrust clearances in multiple jurisdictions, including Chile, Poland, South Korea, and Ukraine. You will coordinate with local counsel to prepare antitrust filings, collate data for regulators, and manage the approval process to enable the platform's launch.",,HIRER,2026-09-11T20:03:24
ey.com__en_gl_insights_financial-services_emeia_how-a-nordic-insurance-company-automated-claims-processing.md,ornith1.5:35b,EY,EY wavespace Madrid,AI solution to automate insurance claims processing from unstructured and semi-structured documents,"A Nordic insurer sought to automate its claims management process, which relied on agents manually reading scanned images, PDFs, bills, invoices, pharmacy receipts, clinic documents, and medical diagnoses, then extracting and categorizing the relevant data. We needed an AI-powered solution to convert semi-structured and unstructured documents into actionable structured data, feed it to our core claims system, and free agents to focus on customer relationships.",,HIRER,2026-09-11T20:03:26
