mathematica	https://www.mathematica.org/staff/adam-coyne
mathematica	https://www.mathematica.org/staff/akira-bell
mathematica	https://www.mathematica.org/staff/alison-barger
mathematica	https://www.mathematica.org/staff/allison-logie
mathematica	https://www.mathematica.org/staff/andrea-digregorio
mathematica	https://www.mathematica.org/staff/carey-appold
mathematica	https://www.mathematica.org/staff/christopher-trenholm
mathematica	https://www.mathematica.org/staff/diana-mccallum
mathematica	https://www.mathematica.org/staff/donna-levin
mathematica	https://www.mathematica.org/staff/erin-taylor
mathematica	https://www.mathematica.org/staff/jaideep-bajaj
mathematica	https://www.mathematica.org/staff/james-mabli
mathematica	https://www.mathematica.org/staff/jeff-bernson
mathematica	https://www.mathematica.org/staff/jeffrey-tranchina
mathematica	https://www.mathematica.org/staff/jennifer-de-vallance
mathematica	https://www.mathematica.org/staff/jill-albanese
mathematica	https://www.mathematica.org/staff/jillian-berk
mathematica	https://www.mathematica.org/staff/joshua-baker
mathematica	https://www.mathematica.org/staff/judy-smythe
mathematica	https://www.mathematica.org/staff/lee-gatewood
mathematica	https://www.mathematica.org/staff/lisa-schwartz
mathematica	https://www.mathematica.org/staff/maria-cancian
mathematica	https://www.mathematica.org/staff/matthew-salganik
mathematica	https://www.mathematica.org/staff/noland-joiner
mathematica	https://www.mathematica.org/staff/paul-decker
mathematica	https://www.mathematica.org/staff/susan-boudreau
mathematica	https://www.mathematica.org/staff/susan-ness
mathematica	https://www.mathematica.org/staff/tamara-barnes
mathematica	https://www.mathematica.org/staff/timothy-novak
